
## fr-light / home-surah @ 280px  [app=home theme=light dir=ltr root=15px]
clipped-x (1) ::
    -15px  div.home-resume-panel__watermark “002”
tiny text (40) ::
    10px  span.home-resume-panel__eyebrow “HAFS”
    10px  span. “0 Favoris”
    10px  span. “0 Notes”
    10px  span. “0 Listes”
    10px  small. “Lecture du midi”
    10px  span.home-today-verse__label “VERSET DU JOUR”

## fr-light / home-surah @ 320px  [app=home theme=light dir=ltr root=15px]
tiny text (40) ::
    10px  span.home-resume-panel__eyebrow “HAFS”
    10px  span. “0 Favoris”
    10px  span. “0 Notes”
    10px  span. “0 Listes”
    10px  small. “Lecture du midi”
    10px  span.home-today-verse__label “VERSET DU JOUR”

## fr-light / home-surah @ 360px  [app=home theme=light dir=ltr root=15.012px]
tiny text (40) ::
    10px  span.home-resume-panel__eyebrow “HAFS”
    10px  span. “0 Favoris”
    10px  span. “0 Notes”
    10px  span. “0 Listes”
    10px  small. “Lecture du midi”
    10px  span.home-today-verse__label “VERSET DU JOUR”

## fr-light / home-surah @ 390px  [app=home theme=light dir=ltr root=15.063px]
tiny text (40) ::
    10px  span.home-resume-panel__eyebrow “HAFS”
    10px  span. “0 Favoris”
    10px  span. “0 Notes”
    10px  span. “0 Listes”
    10px  small. “Lecture du midi”
    10px  span.home-today-verse__label “VERSET DU JOUR”

## fr-light / home-surah @ 414px  [app=home theme=light dir=ltr root=15.1038px]
tiny text (40) ::
    10px  span.home-resume-panel__eyebrow “HAFS”
    10px  span. “0 Favoris”
    10px  span. “0 Notes”
    10px  span. “0 Listes”
    10px  small. “Lecture du midi”
    10px  span.home-today-verse__label “VERSET DU JOUR”

## fr-light / home-surah @ 768px  [app=home theme=light dir=ltr root=15.7056px]
tiny text (40) ::
    10.37px  span.home-resume-panel__eyebrow “HAFS”
    10.37px  small.home-resume-panel__target-label “VOTRE PROCHAINE LECTURE”
    10.37px  span. “0 Favoris”
    10.37px  span. “0 Notes”
    10.37px  span. “0 Listes”
    10.37px  small. “Lecture du midi”

## fr-light / home-surah @ 1024px  [app=home theme=light dir=ltr root=16.1408px]
tiny text (9) ::
    10.19px  span.mp-header__home-meta-clean “HAFS · 114 SOURATES · 30 JUZ”
    10.01px  span.mp-footer-v2__verse-ref “Adh-Dhariyat · 51:56”
    10.01px  span. “MUSHAFPLUS”
    10.01px  span. “À propos”
    10.01px  span. “Confidentialité”
    10.01px  span. “Mentions légales”

## fr-light / home-surah @ 1280px  [app=home theme=light dir=ltr root=16.576px]
tiny text (8) ::
    10.28px  span.mp-footer-v2__verse-ref “Adh-Dhariyat · 51:56”
    10.28px  span. “MUSHAFPLUS”
    10.28px  span. “À propos”
    10.28px  span. “Confidentialité”
    10.28px  span. “Mentions légales”
    10.28px  span. “Sources”

## fr-light / home-surah @ 1440px  [app=home theme=light dir=ltr root=16.848px]
tiny text (8) ::
    10.45px  span.mp-footer-v2__verse-ref “Adh-Dhariyat · 51:56”
    10.45px  span. “MUSHAFPLUS”
    10.45px  span. “À propos”
    10.45px  span. “Confidentialité”
    10.45px  span. “Mentions légales”
    10.45px  span. “Sources”

## fr-light / home-juz @ 280px  [app=home theme=light dir=ltr root=15px]
clipped-x (1) ::
    -15px  div.home-resume-panel__watermark “002”
tiny text (40) ::
    10px  span.home-resume-panel__eyebrow “HAFS”
    10px  span. “0 Favoris”
    10px  span. “0 Notes”
    10px  span. “0 Listes”
    10px  small. “Lecture du midi”
    10px  span.home-today-verse__label “VERSET DU JOUR”

## fr-light / home-juz @ 320px  [app=home theme=light dir=ltr root=15px]
tiny text (40) ::
    10px  span.home-resume-panel__eyebrow “HAFS”
    10px  span. “0 Favoris”
    10px  span. “0 Notes”
    10px  span. “0 Listes”
    10px  small. “Lecture du midi”
    10px  span.home-today-verse__label “VERSET DU JOUR”

## fr-light / home-juz @ 360px  [app=home theme=light dir=ltr root=15.012px]
tiny text (40) ::
    10px  span.home-resume-panel__eyebrow “HAFS”
    10px  span. “0 Favoris”
    10px  span. “0 Notes”
    10px  span. “0 Listes”
    10px  small. “Lecture du midi”
    10px  span.home-today-verse__label “VERSET DU JOUR”

## fr-light / home-juz @ 390px  [app=home theme=light dir=ltr root=15.063px]
tiny text (40) ::
    10px  span.home-resume-panel__eyebrow “HAFS”
    10px  span. “0 Favoris”
    10px  span. “0 Notes”
    10px  span. “0 Listes”
    10px  small. “Lecture du midi”
    10px  span.home-today-verse__label “VERSET DU JOUR”

## fr-light / home-juz @ 414px  [app=home theme=light dir=ltr root=15.1038px]
tiny text (40) ::
    10px  span.home-resume-panel__eyebrow “HAFS”
    10px  span. “0 Favoris”
    10px  span. “0 Notes”
    10px  span. “0 Listes”
    10px  small. “Lecture du midi”
    10px  span.home-today-verse__label “VERSET DU JOUR”

## fr-light / home-juz @ 768px  [app=home theme=light dir=ltr root=15.7056px]
tiny text (40) ::
    10.37px  span.home-resume-panel__eyebrow “HAFS”
    10.37px  small.home-resume-panel__target-label “VOTRE PROCHAINE LECTURE”
    10.37px  span. “0 Favoris”
    10.37px  span. “0 Notes”
    10.37px  span. “0 Listes”
    10.37px  small. “Lecture du midi”

## fr-light / home-juz @ 1024px  [app=home theme=light dir=ltr root=16.1408px]
tiny text (9) ::
    10.19px  span.mp-header__home-meta-clean “HAFS · 114 SOURATES · 30 JUZ”
    10.01px  span.mp-footer-v2__verse-ref “Adh-Dhariyat · 51:56”
    10.01px  span. “MUSHAFPLUS”
    10.01px  span. “À propos”
    10.01px  span. “Confidentialité”
    10.01px  span. “Mentions légales”

## fr-light / home-juz @ 1280px  [app=home theme=light dir=ltr root=16.576px]
tiny text (8) ::
    10.28px  span.mp-footer-v2__verse-ref “Adh-Dhariyat · 51:56”
    10.28px  span. “MUSHAFPLUS”
    10.28px  span. “À propos”
    10.28px  span. “Confidentialité”
    10.28px  span. “Mentions légales”
    10.28px  span. “Sources”

## fr-light / home-juz @ 1440px  [app=home theme=light dir=ltr root=16.848px]
tiny text (8) ::
    10.45px  span.mp-footer-v2__verse-ref “Adh-Dhariyat · 51:56”
    10.45px  span. “MUSHAFPLUS”
    10.45px  span. “À propos”
    10.45px  span. “Confidentialité”
    10.45px  span. “Mentions légales”
    10.45px  span. “Sources”

## fr-light / home-audio @ 280px  [app=home theme=light dir=ltr root=15px]
painted past right edge :: span.home-style-filter__count “5” [285..301.5] | span. “Muallim” [330.5..374.6] | path [404.6..414]
clipped-x (1) ::
    -15px  div.home-resume-panel__watermark “002”
tiny text (40) ::
    10px  span.home-resume-panel__eyebrow “HAFS”
    10px  span. “0 Favoris”
    10px  span. “0 Notes”
    10px  span. “0 Listes”
    10px  small. “Lecture du midi”
    10px  span.home-today-verse__label “VERSET DU JOUR”

## fr-light / home-audio @ 320px  [app=home theme=light dir=ltr root=15px]
painted past right edge :: span. “Muallim” [330.5..374.6] | path [404.6..414] | span. “Favoris” [420.1..457.8]
tiny text (40) ::
    10px  span.home-resume-panel__eyebrow “HAFS”
    10px  span. “0 Favoris”
    10px  span. “0 Notes”
    10px  span. “0 Listes”
    10px  small. “Lecture du midi”
    10px  span.home-today-verse__label “VERSET DU JOUR”

## fr-light / home-audio @ 360px  [app=home theme=light dir=ltr root=15.012px]
painted past right edge :: span. “Muallim” [330.8..375] | path [404.9..414.3] | span. “Favoris” [420.5..458.1]
tiny text (40) ::
    10px  span.home-resume-panel__eyebrow “HAFS”
    10px  span. “0 Favoris”
    10px  span. “0 Notes”
    10px  span. “0 Listes”
    10px  small. “Lecture du midi”
    10px  span.home-today-verse__label “VERSET DU JOUR”

## fr-light / home-audio @ 390px  [app=home theme=light dir=ltr root=15.063px]
painted past right edge :: path [406.8..416.3] | span. “Favoris” [422.5..460.2]
tiny text (40) ::
    10px  span.home-resume-panel__eyebrow “HAFS”
    10px  span. “0 Favoris”
    10px  span. “0 Notes”
    10px  span. “0 Listes”
    10px  small. “Lecture du midi”
    10px  span.home-today-verse__label “VERSET DU JOUR”

## fr-light / home-audio @ 414px  [app=home theme=light dir=ltr root=15.1038px]
painted past right edge :: path [408.4..417.9] | span. “Favoris” [424.1..461.9]
tiny text (40) ::
    10px  span.home-resume-panel__eyebrow “HAFS”
    10px  span. “0 Favoris”
    10px  span. “0 Notes”
    10px  span. “0 Listes”
    10px  small. “Lecture du midi”
    10px  span.home-today-verse__label “VERSET DU JOUR”

## fr-light / home-audio @ 768px  [app=home theme=light dir=ltr root=15.7056px]
tiny text (33) ::
    10.37px  span.home-resume-panel__eyebrow “HAFS”
    10.37px  small.home-resume-panel__target-label “VOTRE PROCHAINE LECTURE”
    10.37px  span. “0 Favoris”
    10.37px  span. “0 Notes”
    10.37px  span. “0 Listes”
    10.37px  small. “Lecture du midi”

## fr-light / home-audio @ 1024px  [app=home theme=light dir=ltr root=16.1408px]
tiny text (14) ::
    10.19px  span.mp-header__home-meta-clean “HAFS · 114 SOURATES · 30 JUZ”
    10.01px  small. “49”
    10.01px  small. “4”
    10.01px  span.home-style-filter__count “59”
    10.01px  span.home-style-filter__count “54”
    10.01px  span.home-style-filter__count “5”

## fr-light / home-audio @ 1280px  [app=home theme=light dir=ltr root=16.576px]
tiny text (13) ::
    10.28px  small. “49”
    10.28px  small. “4”
    10.28px  span.home-style-filter__count “59”
    10.28px  span.home-style-filter__count “54”
    10.28px  span.home-style-filter__count “5”
    10.28px  span.mp-footer-v2__verse-ref “Adh-Dhariyat · 51:56”

## fr-light / home-audio @ 1440px  [app=home theme=light dir=ltr root=16.848px]
tiny text (13) ::
    10.45px  small. “49”
    10.45px  small. “4”
    10.45px  span.home-style-filter__count “59”
    10.45px  span.home-style-filter__count “54”
    10.45px  span.home-style-filter__count “5”
    10.45px  span.mp-footer-v2__verse-ref “Adh-Dhariyat · 51:56”

## fr-light / reciter-detail @ 280px  [app=home theme=light dir=ltr root=15px]
clipped-x (1) ::
    -15px  div.home-resume-panel__watermark “002”
tiny text (40) ::
    10px  span.home-resume-panel__eyebrow “HAFS”
    10px  span. “0 Favoris”
    10px  span. “0 Notes”
    10px  span. “0 Listes”
    10px  small. “Lecture du midi”
    10px  span.home-today-verse__label “VERSET DU JOUR”

## fr-light / reciter-detail @ 320px  [app=home theme=light dir=ltr root=15px]
tiny text (40) ::
    10px  span.home-resume-panel__eyebrow “HAFS”
    10px  span. “0 Favoris”
    10px  span. “0 Notes”
    10px  span. “0 Listes”
    10px  small. “Lecture du midi”
    10px  span.home-today-verse__label “VERSET DU JOUR”

## fr-light / reciter-detail @ 360px  [app=home theme=light dir=ltr root=15.012px]
tiny text (40) ::
    10px  span.home-resume-panel__eyebrow “HAFS”
    10px  span. “0 Favoris”
    10px  span. “0 Notes”
    10px  span. “0 Listes”
    10px  small. “Lecture du midi”
    10px  span.home-today-verse__label “VERSET DU JOUR”

## fr-light / reciter-detail @ 390px  [app=home theme=light dir=ltr root=15.063px]
tiny text (40) ::
    10px  span.home-resume-panel__eyebrow “HAFS”
    10px  span. “0 Favoris”
    10px  span. “0 Notes”
    10px  span. “0 Listes”
    10px  small. “Lecture du midi”
    10px  span.home-today-verse__label “VERSET DU JOUR”

## fr-light / reciter-detail @ 414px  [app=home theme=light dir=ltr root=15.1038px]
tiny text (40) ::
    10px  span.home-resume-panel__eyebrow “HAFS”
    10px  span. “0 Favoris”
    10px  span. “0 Notes”
    10px  span. “0 Listes”
    10px  small. “Lecture du midi”
    10px  span.home-today-verse__label “VERSET DU JOUR”

## fr-light / reciter-detail @ 768px  [app=home theme=light dir=ltr root=15.7056px]
tiny text (40) ::
    10.37px  span.home-resume-panel__eyebrow “HAFS”
    10.37px  small.home-resume-panel__target-label “VOTRE PROCHAINE LECTURE”
    10.37px  span. “0 Favoris”
    10.37px  span. “0 Notes”
    10.37px  span. “0 Listes”
    10.37px  small. “Lecture du midi”

## fr-light / reciter-detail @ 1024px  [app=home theme=light dir=ltr root=16.1408px]
tiny text (37) ::
    10.19px  span.mp-header__home-meta-clean “HAFS · 114 SOURATES · 30 JUZ”
    10.01px  small. “49”
    10.01px  small. “4”
    10.01px  span.home-style-filter__count “59”
    10.01px  span.home-style-filter__count “54”
    10.01px  span.home-style-filter__count “5”

## fr-light / reciter-detail @ 1280px  [app=home theme=light dir=ltr root=16.576px]
tiny text (32) ::
    10.28px  small. “49”
    10.28px  small. “4”
    10.28px  span.home-style-filter__count “59”
    10.28px  span.home-style-filter__count “54”
    10.28px  span.home-style-filter__count “5”
    10.28px  span.mp-footer-v2__verse-ref “Adh-Dhariyat · 51:56”

## fr-light / reciter-detail @ 1440px  [app=home theme=light dir=ltr root=16.848px]
tiny text (32) ::
    10.45px  small. “49”
    10.45px  small. “4”
    10.45px  span.home-style-filter__count “59”
    10.45px  span.home-style-filter__count “54”
    10.45px  span.home-style-filter__count “5”
    10.45px  span.mp-footer-v2__verse-ref “Adh-Dhariyat · 51:56”

## fr-light / read-list @ 280px  [app=reading theme=light dir=ltr root=15px]
tiny text (27) ::
    9.9px  span.mp-header__title-transliteration “Al-Baqara”
    9.9px  span.mp-header__title-meaning “La Vache”
    10.05px  button.qc-list-card__reference “1”
    10.05px  button.qc-list-card__reference “2”
    10.05px  button.qc-list-card__reference “3”
    10.05px  button.qc-list-card__reference “4”
(mots cliquables <44: 52, plus petit 17.0px)

## fr-light / read-list @ 320px  [app=reading theme=light dir=ltr root=15px]
tiny text (27) ::
    9.9px  span.mp-header__title-transliteration “Al-Baqara”
    9.9px  span.mp-header__title-meaning “La Vache”
    10.05px  button.qc-list-card__reference “1”
    10.05px  button.qc-list-card__reference “2”
    10.05px  button.qc-list-card__reference “3”
    10.05px  button.qc-list-card__reference “4”
(mots cliquables <44: 52, plus petit 17.0px)

## fr-light / read-list @ 360px  [app=reading theme=light dir=ltr root=15.012px]
tiny text (28) ::
    9.91px  span.mp-header__title-transliteration “Al-Baqara”
    9.91px  span.mp-header__title-meaning “La Vache”
    10.06px  button.qc-list-card__reference “1”
    10.06px  button.qc-list-card__reference “2”
    10.06px  button.qc-list-card__reference “3”
    10.06px  button.qc-list-card__reference “4”
(mots cliquables <44: 45, plus petit 18.7px)

## fr-light / read-list @ 390px  [app=reading theme=light dir=ltr root=15.063px]
tiny text (26) ::
    10.24px  small. “2 · 286 versets”
    10.09px  button.qc-list-card__reference “1”
    10.09px  button.qc-list-card__reference “2”
    10.09px  button.qc-list-card__reference “3”
    10.09px  button.qc-list-card__reference “4”
    10.09px  button.qc-list-card__reference “5”
(mots cliquables <44: 45, plus petit 18.7px)

## fr-light / read-list @ 414px  [app=reading theme=light dir=ltr root=15.1038px]
tiny text (26) ::
    10.27px  small. “2 · 286 versets”
    10.12px  button.qc-list-card__reference “1”
    10.12px  button.qc-list-card__reference “2”
    10.12px  button.qc-list-card__reference “3”
    10.12px  button.qc-list-card__reference “4”
    10.12px  button.qc-list-card__reference “5”
(mots cliquables <44: 45, plus petit 18.7px)

## fr-light / read-list @ 768px  [app=reading theme=light dir=ltr root=15.7056px]
tiny text (15) ::
    10.37px  span.font-[var(--font-ui)].text-[0.65rem].font-bold “FIN DE LA SOURATE”
    10.37px  p.mp-footer-v2__verse-translation “Je n’ai créé les djinns et les hommes qu”
    10px  span.mp-footer-v2__verse-ref “Adh-Dhariyat · 51:56”
    10px  span.mp-footer-v2__nav-label “Accueil”
    10px  span.mp-footer-v2__nav-label “Lire”
    10px  span.mp-footer-v2__nav-label “Rechercher”
(mots cliquables <44: 36, plus petit 21.6px)

## fr-light / read-list @ 1024px  [app=reading theme=light dir=ltr root=16.1408px]
tiny text (8) ::
    10.01px  span.mp-footer-v2__verse-ref “Adh-Dhariyat · 51:56”
    10.01px  span. “MUSHAFPLUS”
    10.01px  span. “À propos”
    10.01px  span. “Confidentialité”
    10.01px  span. “Mentions légales”
    10.01px  span. “Sources”
(mots cliquables <44: 35, plus petit 23.4px)

## fr-light / read-list @ 1280px  [app=reading theme=light dir=ltr root=16.576px]
tiny text (8) ::
    10.28px  span.mp-footer-v2__verse-ref “Adh-Dhariyat · 51:56”
    10.28px  span. “MUSHAFPLUS”
    10.28px  span. “À propos”
    10.28px  span. “Confidentialité”
    10.28px  span. “Mentions légales”
    10.28px  span. “Sources”
(mots cliquables <44: 18, plus petit 29.8px)

## fr-light / read-list @ 1440px  [app=reading theme=light dir=ltr root=16.848px]
tiny text (8) ::
    10.45px  span.mp-footer-v2__verse-ref “Adh-Dhariyat · 51:56”
    10.45px  span. “MUSHAFPLUS”
    10.45px  span. “À propos”
    10.45px  span. “Confidentialité”
    10.45px  span. “Mentions légales”
    10.45px  span. “Sources”
(mots cliquables <44: 18, plus petit 29.8px)

## fr-light / read-list @ 1920px  [app=reading theme=light dir=ltr root=17px]
(mots cliquables <44: 18, plus petit 29.8px)

## fr-light / read-mushaf @ 280px  [app=reading theme=light dir=ltr root=15px]
tiny text (18) ::
    9.9px  span.mp-header__title-transliteration “Al-Baqara”
    9.9px  span.mp-header__title-meaning “La Vache”
    7.2px  span.cpv-surah-name-tr.text-[9.5px].font-semibold “La Vache”
    10px  div.bismillah-translation.text-xs.italic “Au nom d'Allah, le Tout Miséricordieux, ”
    10px  span. “286 versets”
    10px  p.mp-footer-v2__verse-translation “Je n’ai créé les djinns et les hommes qu”
(mots cliquables <44: 60, plus petit 17.0px)

## fr-light / read-mushaf @ 320px  [app=reading theme=light dir=ltr root=15px]
tiny text (18) ::
    9.9px  span.mp-header__title-transliteration “Al-Baqara”
    9.9px  span.mp-header__title-meaning “La Vache”
    7.2px  span.cpv-surah-name-tr.text-[9.5px].font-semibold “La Vache”
    10px  div.bismillah-translation.text-xs.italic “Au nom d'Allah, le Tout Miséricordieux, ”
    10px  span. “286 versets”
    10px  p.mp-footer-v2__verse-translation “Je n’ai créé les djinns et les hommes qu”
(mots cliquables <44: 60, plus petit 17.0px)

## fr-light / read-mushaf @ 360px  [app=reading theme=light dir=ltr root=15.012px]
tiny text (19) ::
    9.91px  span.mp-header__title-transliteration “Al-Baqara”
    9.91px  span.mp-header__title-meaning “La Vache”
    7.21px  span.cpv-surah-name-tr.text-[9.5px].font-semibold “La Vache”
    10px  div.bismillah-translation.text-xs.italic “Au nom d'Allah, le Tout Miséricordieux, ”
    10px  span. “286 versets”
    10px  p.mp-footer-v2__verse-translation “Je n’ai créé les djinns et les hommes qu”
(mots cliquables <44: 60, plus petit 17.0px)

## fr-light / read-mushaf @ 390px  [app=reading theme=light dir=ltr root=15.063px]
tiny text (17) ::
    10.24px  small. “2 · 286 versets”
    7.23px  span.cpv-surah-name-tr.text-[9.5px].font-semibold “La Vache”
    10px  div.bismillah-translation.text-xs.italic “Au nom d'Allah, le Tout Miséricordieux, ”
    10px  span. “286 versets”
    10px  p.mp-footer-v2__verse-translation “Je n’ai créé les djinns et les hommes qu”
    10px  span.mp-footer-v2__verse-ref “Adh-Dhariyat · 51:56”
(mots cliquables <44: 60, plus petit 17.0px)

## fr-light / read-mushaf @ 414px  [app=reading theme=light dir=ltr root=15.1038px]
tiny text (17) ::
    10.27px  small. “2 · 286 versets”
    7.25px  span.cpv-surah-name-tr.text-[9.5px].font-semibold “La Vache”
    10.35px  div.bismillah-translation.text-xs.italic “Au nom d'Allah, le Tout Miséricordieux, ”
    10px  span. “286 versets”
    10px  p.mp-footer-v2__verse-translation “Je n’ai créé les djinns et les hommes qu”
    10px  span.mp-footer-v2__verse-ref “Adh-Dhariyat · 51:56”
(mots cliquables <44: 60, plus petit 17.0px)

## fr-light / read-mushaf @ 768px  [app=reading theme=light dir=ltr root=15.7056px]
tiny text (15) ::
    7.54px  span.cpv-surah-name-tr.text-[9.5px].font-semibold “La Vache”
    10.37px  p.mp-footer-v2__verse-translation “Je n’ai créé les djinns et les hommes qu”
    10px  span.mp-footer-v2__verse-ref “Adh-Dhariyat · 51:56”
    10px  span.mp-footer-v2__nav-label “Accueil”
    10px  span.mp-footer-v2__nav-label “Lire”
    10px  span.mp-footer-v2__nav-label “Rechercher”
(mots cliquables <44: 60, plus petit 19.3px)

## fr-light / read-mushaf @ 1024px  [app=reading theme=light dir=ltr root=16.1408px]
tiny text (9) ::
    7.99px  span.cpv-surah-name-tr.text-[9.5px].font-semibold “La Vache”
    10.01px  span.mp-footer-v2__verse-ref “Adh-Dhariyat · 51:56”
    10.01px  span. “MUSHAFPLUS”
    10.01px  span. “À propos”
    10.01px  span. “Confidentialité”
    10.01px  span. “Mentions légales”
(mots cliquables <44: 60, plus petit 21.6px)

## fr-light / read-mushaf @ 1280px  [app=reading theme=light dir=ltr root=16.576px]
tiny text (9) ::
    8.55px  span.cpv-surah-name-tr.text-[9.5px].font-semibold “La Vache”
    10.28px  span.mp-footer-v2__verse-ref “Adh-Dhariyat · 51:56”
    10.28px  span. “MUSHAFPLUS”
    10.28px  span. “À propos”
    10.28px  span. “Confidentialité”
    10.28px  span. “Mentions légales”
(mots cliquables <44: 58, plus petit 23.4px)

## fr-light / read-mushaf @ 1440px  [app=reading theme=light dir=ltr root=16.848px]
tiny text (9) ::
    8.9px  span.cpv-surah-name-tr.text-[9.5px].font-semibold “La Vache”
    10.45px  span.mp-footer-v2__verse-ref “Adh-Dhariyat · 51:56”
    10.45px  span. “MUSHAFPLUS”
    10.45px  span. “À propos”
    10.45px  span. “Confidentialité”
    10.45px  span. “Mentions légales”
(mots cliquables <44: 58, plus petit 23.4px)

## fr-light / read-mushaf @ 1920px  [app=reading theme=light dir=ltr root=17px]
tiny text (1) ::
    9.68px  span.cpv-surah-name-tr.text-[9.5px].font-semibold “La Vache”
(mots cliquables <44: 58, plus petit 23.4px)

## fr-light / read-page @ 280px  [app=reading theme=light dir=ltr root=15px]
painted past right edge :: div.qc-reader-toolbar__modes.flex.flex-wrap “Mushaf Liste Traduction Tajweed” [-9.1..289.2] | span. “Tajweed” [242.2..281.7]
tiny text (31) ::
    9.9px  span.mp-header__title-transliteration “Aal-Imran”
    9.9px  span.mp-header__title-meaning “La Famille d'Imran”
    10px  span.reader-context-card__riwaya.inline-flex.items-center “HAFS”
    10.05px  button.qc-list-card__reference “3:1”
    10.05px  button.qc-list-card__reference “3:2”
    10.05px  button.qc-list-card__reference “3:3”
(mots cliquables <44: 60, plus petit 17.0px)

## fr-light / read-page @ 320px  [app=reading theme=light dir=ltr root=15px]
tiny text (31) ::
    9.9px  span.mp-header__title-transliteration “Aal-Imran”
    9.9px  span.mp-header__title-meaning “La Famille d'Imran”
    10px  span.reader-context-card__riwaya.inline-flex.items-center “HAFS”
    10.05px  button.qc-list-card__reference “3:1”
    10.05px  button.qc-list-card__reference “3:2”
    10.05px  button.qc-list-card__reference “3:3”
(mots cliquables <44: 60, plus petit 17.0px)

## fr-light / read-page @ 360px  [app=reading theme=light dir=ltr root=15.012px]
tiny text (32) ::
    9.91px  span.mp-header__title-transliteration “Aal-Imran”
    9.91px  span.mp-header__title-meaning “La Famille d'Imran”
    10px  span.reader-context-card__riwaya.inline-flex.items-center “HAFS”
    10.06px  button.qc-list-card__reference “3:1”
    10.06px  button.qc-list-card__reference “3:2”
    10.06px  button.qc-list-card__reference “3:3”
(mots cliquables <44: 60, plus petit 18.7px)

## fr-light / read-page @ 390px  [app=reading theme=light dir=ltr root=15.063px]
tiny text (29) ::
    10px  span.reader-context-card__riwaya.inline-flex.items-center “HAFS”
    10.09px  button.qc-list-card__reference “3:1”
    10.09px  button.qc-list-card__reference “3:2”
    10.09px  button.qc-list-card__reference “3:3”
    10.09px  button.qc-list-card__reference “3:4”
    10.09px  button.qc-list-card__reference “3:5”
(mots cliquables <44: 60, plus petit 18.7px)

## fr-light / read-page @ 414px  [app=reading theme=light dir=ltr root=15.1038px]
tiny text (29) ::
    10px  span.reader-context-card__riwaya.inline-flex.items-center “HAFS”
    10.12px  button.qc-list-card__reference “3:1”
    10.12px  button.qc-list-card__reference “3:2”
    10.12px  button.qc-list-card__reference “3:3”
    10.12px  button.qc-list-card__reference “3:4”
    10.12px  button.qc-list-card__reference “3:5”
(mots cliquables <44: 60, plus petit 18.7px)

## fr-light / read-page @ 768px  [app=reading theme=light dir=ltr root=15.7056px]
tiny text (15) ::
    10.37px  span.reader-context-card__riwaya.inline-flex.items-center “HAFS”
    10.37px  p.mp-footer-v2__verse-translation “Je n’ai créé les djinns et les hommes qu”
    10px  span.mp-footer-v2__verse-ref “Adh-Dhariyat · 51:56”
    10px  span.mp-footer-v2__nav-label “Accueil”
    10px  span.mp-footer-v2__nav-label “Lire”
    10px  span.mp-footer-v2__nav-label “Rechercher”
(mots cliquables <44: 60, plus petit 21.3px)

## fr-light / read-page @ 1024px  [app=reading theme=light dir=ltr root=16.1408px]
tiny text (8) ::
    10.01px  span.mp-footer-v2__verse-ref “Adh-Dhariyat · 51:56”
    10.01px  span. “MUSHAFPLUS”
    10.01px  span. “À propos”
    10.01px  span. “Confidentialité”
    10.01px  span. “Mentions légales”
    10.01px  span. “Sources”
(mots cliquables <44: 60, plus petit 23.0px)

## fr-light / read-page @ 1280px  [app=reading theme=light dir=ltr root=16.576px]
tiny text (8) ::
    10.28px  span.mp-footer-v2__verse-ref “Adh-Dhariyat · 51:56”
    10.28px  span. “MUSHAFPLUS”
    10.28px  span. “À propos”
    10.28px  span. “Confidentialité”
    10.28px  span. “Mentions légales”
    10.28px  span. “Sources”
(mots cliquables <44: 55, plus petit 29.3px)

## fr-light / read-page @ 1440px  [app=reading theme=light dir=ltr root=16.848px]
tiny text (8) ::
    10.45px  span.mp-footer-v2__verse-ref “Adh-Dhariyat · 51:56”
    10.45px  span. “MUSHAFPLUS”
    10.45px  span. “À propos”
    10.45px  span. “Confidentialité”
    10.45px  span. “Mentions légales”
    10.45px  span. “Sources”
(mots cliquables <44: 55, plus petit 29.3px)

## fr-light / read-page @ 1920px  [app=reading theme=light dir=ltr root=17px]
(mots cliquables <44: 55, plus petit 29.3px)

## fr-light / read-juz @ 280px  [app=reading theme=light dir=ltr root=15px]
painted past right edge :: div.qc-reader-toolbar__modes.flex.flex-wrap “Mushaf Liste Traduction Tajweed” [-9.1..289.2] | span. “Tajweed” [242.2..281.7]
tiny text (24) ::
    10px  span.reader-context-card__riwaya.inline-flex.items-center “HAFS”
    10.05px  button.qc-list-card__reference “2:253”
    10.05px  button.qc-list-card__reference “2:254”
    10.05px  button.qc-list-card__reference “2:255”
    10.05px  button.qc-list-card__reference “2:256”
    10.05px  button.qc-list-card__reference “2:257”
(mots cliquables <44: 60, plus petit 16.0px)

## fr-light / read-juz @ 320px  [app=reading theme=light dir=ltr root=15px]
tiny text (24) ::
    10px  span.reader-context-card__riwaya.inline-flex.items-center “HAFS”
    10.05px  button.qc-list-card__reference “2:253”
    10.05px  button.qc-list-card__reference “2:254”
    10.05px  button.qc-list-card__reference “2:255”
    10.05px  button.qc-list-card__reference “2:256”
    10.05px  button.qc-list-card__reference “2:257”
(mots cliquables <44: 60, plus petit 16.0px)

## fr-light / read-juz @ 360px  [app=reading theme=light dir=ltr root=15.012px]
tiny text (25) ::
    10px  span.reader-context-card__riwaya.inline-flex.items-center “HAFS”
    10.06px  button.qc-list-card__reference “2:253”
    10.06px  button.qc-list-card__reference “2:254”
    10.06px  button.qc-list-card__reference “2:255”
    10.06px  button.qc-list-card__reference “2:256”
    10.06px  button.qc-list-card__reference “2:257”
(mots cliquables <44: 60, plus petit 17.6px)

## fr-light / read-juz @ 390px  [app=reading theme=light dir=ltr root=15.063px]
tiny text (24) ::
    10px  span.reader-context-card__riwaya.inline-flex.items-center “HAFS”
    10.09px  button.qc-list-card__reference “2:253”
    10.09px  button.qc-list-card__reference “2:254”
    10.09px  button.qc-list-card__reference “2:255”
    10.09px  button.qc-list-card__reference “2:256”
    10.09px  button.qc-list-card__reference “2:257”
(mots cliquables <44: 60, plus petit 17.6px)

## fr-light / read-juz @ 414px  [app=reading theme=light dir=ltr root=15.1038px]
tiny text (24) ::
    10px  span.reader-context-card__riwaya.inline-flex.items-center “HAFS”
    10.12px  button.qc-list-card__reference “2:253”
    10.12px  button.qc-list-card__reference “2:254”
    10.12px  button.qc-list-card__reference “2:255”
    10.12px  button.qc-list-card__reference “2:256”
    10.12px  button.qc-list-card__reference “2:257”
(mots cliquables <44: 60, plus petit 17.6px)

## fr-light / read-juz @ 768px  [app=reading theme=light dir=ltr root=15.7056px]
clipped-x (10) ::
    -2px  button.qc-list-card__reference “2:253”
    -2px  button.qc-list-card__reference “2:254”
    -2px  button.qc-list-card__reference “2:255”
    -2px  button.qc-list-card__reference “2:256”
    -2px  button.qc-list-card__reference “2:257”
    -2px  button.qc-list-card__reference “2:258”
tiny text (15) ::
    10.37px  span.reader-context-card__riwaya.inline-flex.items-center “HAFS”
    10.37px  p.mp-footer-v2__verse-translation “Je n’ai créé les djinns et les hommes qu”
    10px  span.mp-footer-v2__verse-ref “Adh-Dhariyat · 51:56”
    10px  span.mp-footer-v2__nav-label “Accueil”
    10px  span.mp-footer-v2__nav-label “Lire”
    10px  span.mp-footer-v2__nav-label “Rechercher”
(mots cliquables <44: 60, plus petit 20.4px)

## fr-light / read-juz @ 1024px  [app=reading theme=light dir=ltr root=16.1408px]
clipped-x (10) ::
    -3px  button.qc-list-card__reference “2:253”
    -3px  button.qc-list-card__reference “2:254”
    -3px  button.qc-list-card__reference “2:255”
    -3px  button.qc-list-card__reference “2:256”
    -3px  button.qc-list-card__reference “2:257”
    -3px  button.qc-list-card__reference “2:258”
tiny text (8) ::
    10.01px  span.mp-footer-v2__verse-ref “Adh-Dhariyat · 51:56”
    10.01px  span. “MUSHAFPLUS”
    10.01px  span. “À propos”
    10.01px  span. “Confidentialité”
    10.01px  span. “Mentions légales”
    10.01px  span. “Sources”
(mots cliquables <44: 60, plus petit 22.0px)

## fr-light / read-juz @ 1280px  [app=reading theme=light dir=ltr root=16.576px]
clipped-x (10) ::
    -3px  button.qc-list-card__reference “2:253”
    -3px  button.qc-list-card__reference “2:254”
    -3px  button.qc-list-card__reference “2:255”
    -3px  button.qc-list-card__reference “2:256”
    -3px  button.qc-list-card__reference “2:257”
    -3px  button.qc-list-card__reference “2:258”
tiny text (8) ::
    10.28px  span.mp-footer-v2__verse-ref “Adh-Dhariyat · 51:56”
    10.28px  span. “MUSHAFPLUS”
    10.28px  span. “À propos”
    10.28px  span. “Confidentialité”
    10.28px  span. “Mentions légales”
    10.28px  span. “Sources”
(mots cliquables <44: 60, plus petit 28.1px)

## fr-light / read-juz @ 1440px  [app=reading theme=light dir=ltr root=16.848px]
clipped-x (10) ::
    -4px  button.qc-list-card__reference “2:253”
    -4px  button.qc-list-card__reference “2:254”
    -4px  button.qc-list-card__reference “2:255”
    -4px  button.qc-list-card__reference “2:256”
    -4px  button.qc-list-card__reference “2:257”
    -4px  button.qc-list-card__reference “2:258”
tiny text (8) ::
    10.45px  span.mp-footer-v2__verse-ref “Adh-Dhariyat · 51:56”
    10.45px  span. “MUSHAFPLUS”
    10.45px  span. “À propos”
    10.45px  span. “Confidentialité”
    10.45px  span. “Mentions légales”
    10.45px  span. “Sources”
(mots cliquables <44: 60, plus petit 28.1px)

## fr-light / read-juz @ 1920px  [app=reading theme=light dir=ltr root=17px]
clipped-x (10) ::
    -4px  button.qc-list-card__reference “2:253”
    -4px  button.qc-list-card__reference “2:254”
    -4px  button.qc-list-card__reference “2:255”
    -4px  button.qc-list-card__reference “2:256”
    -4px  button.qc-list-card__reference “2:257”
    -4px  button.qc-list-card__reference “2:258”
(mots cliquables <44: 60, plus petit 28.1px)

## fr-light / fullscreen @ 280px  [app=reading theme=light dir=ltr root=15px]
targets<44 (54) ::
    21.9x29  span.qcm-word “ﱁ”
    25.6x29  span.qcm-word “ﱃ”
    54.6x29  span.qcm-word “ﱄ”
    10.1x29  span.qcm-word “ﱅ”
    25x29  span.qcm-word “ﱆﱇ”
    19.7x29  span.qcm-word “ﱈﱉ”
    35.4x29  span.qcm-word “ﱊ”
    37.4x29  span.qcm-word “ﱋ”
    22.9x29  span.qcm-word “ﱍ”
    31.2x29  span.qcm-word “ﱎ”
tiny text (33) ::
    9.9px  span.mp-header__title-transliteration “Al-Baqara”
    9.9px  span.mp-header__title-meaning “La Vache”
    10px  span.reader-context-card__riwaya.inline-flex.items-center “HAFS”
    10.2px  span.qcm-page-header__meta “Juz 1”
    10.2px  span.qcm-page-header__meta “Page 2”
    10.2px  span.qcm-page-header__meta “Juz 1”
(mots cliquables <44: 6, plus petit 7.9px)

## fr-light / fullscreen @ 320px  [app=reading theme=light dir=ltr root=15px]
targets<44 (54) ::
    26.5x29  span.qcm-word “ﱁ”
    30.9x29  span.qcm-word “ﱃ”
    66x29  span.qcm-word “ﱄ”
    12.1x29  span.qcm-word “ﱅ”
    30.3x29  span.qcm-word “ﱆﱇ”
    23.8x29  span.qcm-word “ﱈﱉ”
    42.7x29  span.qcm-word “ﱊ”
    45.1x29  span.qcm-word “ﱋ”
    27.6x29  span.qcm-word “ﱍ”
    37.7x29  span.qcm-word “ﱎ”
tiny text (33) ::
    9.9px  span.mp-header__title-transliteration “Al-Baqara”
    9.9px  span.mp-header__title-meaning “La Vache”
    10px  span.reader-context-card__riwaya.inline-flex.items-center “HAFS”
    10.2px  span.qcm-page-header__meta “Juz 1”
    10.2px  span.qcm-page-header__meta “Page 2”
    10.2px  span.qcm-page-header__meta “Juz 1”
(mots cliquables <44: 6, plus petit 8.0px)

## fr-light / fullscreen @ 360px  [app=reading theme=light dir=ltr root=15.012px]
targets<44 (54) ::
    30.8x29  span.qcm-word “ﱁ”
    35.9x29  span.qcm-word “ﱃ”
    76.8x29  span.qcm-word “ﱄ”
    14.1x29  span.qcm-word “ﱅ”
    35.2x29  span.qcm-word “ﱆﱇ”
    27.7x29  span.qcm-word “ﱈﱉ”
    49.7x29  span.qcm-word “ﱊ”
    52.9x29  span.qcm-word “ﱋ”
    32.4x29  span.qcm-word “ﱍ”
    44.2x29  span.qcm-word “ﱎ”
tiny text (23) ::
    9.91px  span.mp-header__title-transliteration “Al-Baqara”
    9.91px  span.mp-header__title-meaning “La Vache”
    10px  span.reader-context-card__riwaya.inline-flex.items-center “HAFS”
    10.21px  span.qcm-page-header__meta “Juz 1”
    10.21px  span.qcm-page-header__meta “Page 2”
    10.21px  span.qcm-page-header__meta “Juz 1”
(mots cliquables <44: 6, plus petit 9.3px)

## fr-light / fullscreen @ 390px  [app=reading theme=light dir=ltr root=15.063px]
targets<44 (54) ::
    30.8x29  span.qcm-word “ﱁ”
    35.9x29  span.qcm-word “ﱃ”
    76.8x29  span.qcm-word “ﱄ”
    14.1x29  span.qcm-word “ﱅ”
    35.2x29  span.qcm-word “ﱆﱇ”
    27.7x29  span.qcm-word “ﱈﱉ”
    49.7x29  span.qcm-word “ﱊ”
    58.7x29  span.qcm-word “ﱋ”
    35.9x29  span.qcm-word “ﱍ”
    49x29  span.qcm-word “ﱎ”
tiny text (20) ::
    10px  span.reader-context-card__riwaya.inline-flex.items-center “HAFS”
    10.24px  span.qcm-page-header__meta “Juz 1”
    10.24px  span.qcm-page-header__meta “Page 2”
    10.24px  span.qcm-page-header__meta “Juz 1”
    10.24px  span.qcm-page-header__meta “Page 3”
    10px  p.mp-footer-v2__verse-translation “Je n’ai créé les djinns et les hommes qu”
(mots cliquables <44: 6, plus petit 10.3px)

## fr-light / fullscreen @ 414px  [app=reading theme=light dir=ltr root=15.1038px]
targets<44 (54) ::
    30.8x29  span.qcm-word “ﱁ”
    35.9x29  span.qcm-word “ﱃ”
    76.8x29  span.qcm-word “ﱄ”
    14.1x29  span.qcm-word “ﱅ”
    35.2x29  span.qcm-word “ﱆﱇ”
    27.7x29  span.qcm-word “ﱈﱉ”
    49.7x29  span.qcm-word “ﱊ”
    63.3x29  span.qcm-word “ﱋ”
    38.8x29  span.qcm-word “ﱍ”
    52.9x29  span.qcm-word “ﱎ”
tiny text (20) ::
    10px  span.reader-context-card__riwaya.inline-flex.items-center “HAFS”
    10.27px  span.qcm-page-header__meta “Juz 1”
    10.27px  span.qcm-page-header__meta “Page 2”
    10.27px  span.qcm-page-header__meta “Juz 1”
    10.27px  span.qcm-page-header__meta “Page 3”
    10px  p.mp-footer-v2__verse-translation “Je n’ai créé les djinns et les hommes qu”
(mots cliquables <44: 6, plus petit 11.1px)

## fr-light / fullscreen @ 768px  [app=reading theme=light dir=ltr root=15.7056px]
targets<44 (54) ::
    35x33  span.qcm-word “ﱁ”
    40.9x33  span.qcm-word “ﱃ”
    87.4x33  span.qcm-word “ﱄ”
    16.1x33  span.qcm-word “ﱅ”
    40.1x33  span.qcm-word “ﱆﱇ”
    31.6x33  span.qcm-word “ﱈﱉ”
    56.6x33  span.qcm-word “ﱊ”
    76.8x33  span.qcm-word “ﱋ”
    47x33  span.qcm-word “ﱍ”
    64.1x33  span.qcm-word “ﱎ”
tiny text (16) ::
    10.37px  span.reader-context-card__riwaya.inline-flex.items-center “HAFS”
    10.37px  p.mp-footer-v2__verse-translation “Je n’ai créé les djinns et les hommes qu”
    10px  span.mp-footer-v2__verse-ref “Adh-Dhariyat · 51:56”
    10px  span.mp-footer-v2__nav-label “Accueil”
    10px  span.mp-footer-v2__nav-label “Lire”
    10px  span.mp-footer-v2__nav-label “Rechercher”
(mots cliquables <44: 6, plus petit 18.5px)

## fr-light / fullscreen @ 1024px  [app=reading theme=light dir=ltr root=16.1408px]
targets<44 (54) ::
    39.3x37  span.qcm-word “ﱁ”
    45.8x37  span.qcm-word “ﱃ”
    98x37  span.qcm-word “ﱄ”
    18x37  span.qcm-word “ﱅ”
    44.9x37  span.qcm-word “ﱆﱇ”
    35.4x37  span.qcm-word “ﱈﱉ”
    63.4x37  span.qcm-word “ﱊ”
    86.1x37  span.qcm-word “ﱋ”
    52.8x37  span.qcm-word “ﱍ”
    71.9x37  span.qcm-word “ﱎ”
tiny text (8) ::
    10.01px  span.mp-footer-v2__verse-ref “Adh-Dhariyat · 51:56”
    10.01px  span. “MUSHAFPLUS”
    10.01px  span. “À propos”
    10.01px  span. “Confidentialité”
    10.01px  span. “Mentions légales”
    10.01px  span. “Sources”
(mots cliquables <44: 6, plus petit 20.8px)

## fr-light / fullscreen @ 1280px  [app=reading theme=light dir=ltr root=16.576px]
targets<44 (54) ::
    42.5x40  span.qcm-word “ﱁ”
    49.6x40  span.qcm-word “ﱃ”
    106x40  span.qcm-word “ﱄ”
    19.5x40  span.qcm-word “ﱅ”
    48.5x40  span.qcm-word “ﱆﱇ”
    38.3x40  span.qcm-word “ﱈﱉ”
    68.6x40  span.qcm-word “ﱊ”
    93.1x40  span.qcm-word “ﱋ”
    57x40  span.qcm-word “ﱍ”
    77.7x40  span.qcm-word “ﱎ”
tiny text (8) ::
    10.28px  span.mp-footer-v2__verse-ref “Adh-Dhariyat · 51:56”
    10.28px  span. “MUSHAFPLUS”
    10.28px  span. “À propos”
    10.28px  span. “Confidentialité”
    10.28px  span. “Mentions légales”
    10.28px  span. “Sources”
(mots cliquables <44: 6, plus petit 22.5px)

## fr-light / fullscreen @ 1440px  [app=reading theme=light dir=ltr root=16.848px]
targets<44 (54) ::
    42.5x40  span.qcm-word “ﱁ”
    49.6x40  span.qcm-word “ﱃ”
    106x40  span.qcm-word “ﱄ”
    19.5x40  span.qcm-word “ﱅ”
    48.5x40  span.qcm-word “ﱆﱇ”
    38.3x40  span.qcm-word “ﱈﱉ”
    68.6x40  span.qcm-word “ﱊ”
    93.1x40  span.qcm-word “ﱋ”
    57x40  span.qcm-word “ﱍ”
    77.7x40  span.qcm-word “ﱎ”
tiny text (8) ::
    10.45px  span.mp-footer-v2__verse-ref “Adh-Dhariyat · 51:56”
    10.45px  span. “MUSHAFPLUS”
    10.45px  span. “À propos”
    10.45px  span. “Confidentialité”
    10.45px  span. “Mentions légales”
    10.45px  span. “Sources”
(mots cliquables <44: 6, plus petit 22.5px)

## fr-light / fullscreen @ 1920px  [app=reading theme=light dir=ltr root=17px]
targets<44 (54) ::
    42.5x40  span.qcm-word “ﱁ”
    49.6x40  span.qcm-word “ﱃ”
    106x40  span.qcm-word “ﱄ”
    19.5x40  span.qcm-word “ﱅ”
    48.5x40  span.qcm-word “ﱆﱇ”
    38.3x40  span.qcm-word “ﱈﱉ”
    68.6x40  span.qcm-word “ﱊ”
    93.1x40  span.qcm-word “ﱋ”
    57x40  span.qcm-word “ﱍ”
    77.7x40  span.qcm-word “ﱎ”
(mots cliquables <44: 6, plus petit 22.5px)

## fr-light / library @ 280px  [app=reading theme=light dir=ltr root=15px]
tiny text (27) ::
    9.9px  span.mp-header__title-transliteration “Al-Baqara”
    9.9px  span.mp-header__title-meaning “La Vache”
    10.05px  button.qc-list-card__reference “1”
    10.05px  button.qc-list-card__reference “2”
    10.05px  button.qc-list-card__reference “3”
    10.05px  button.qc-list-card__reference “4”
(mots cliquables <44: 52, plus petit 17.0px)

## fr-light / library @ 320px  [app=reading theme=light dir=ltr root=15px]
tiny text (27) ::
    9.9px  span.mp-header__title-transliteration “Al-Baqara”
    9.9px  span.mp-header__title-meaning “La Vache”
    10.05px  button.qc-list-card__reference “1”
    10.05px  button.qc-list-card__reference “2”
    10.05px  button.qc-list-card__reference “3”
    10.05px  button.qc-list-card__reference “4”
(mots cliquables <44: 52, plus petit 17.0px)

## fr-light / library @ 360px  [app=reading theme=light dir=ltr root=15.012px]
tiny text (28) ::
    9.91px  span.mp-header__title-transliteration “Al-Baqara”
    9.91px  span.mp-header__title-meaning “La Vache”
    10.06px  button.qc-list-card__reference “1”
    10.06px  button.qc-list-card__reference “2”
    10.06px  button.qc-list-card__reference “3”
    10.06px  button.qc-list-card__reference “4”
(mots cliquables <44: 45, plus petit 18.7px)

## fr-light / library @ 390px  [app=reading theme=light dir=ltr root=15.063px]
tiny text (26) ::
    10.24px  small. “2 · 286 versets”
    10.09px  button.qc-list-card__reference “1”
    10.09px  button.qc-list-card__reference “2”
    10.09px  button.qc-list-card__reference “3”
    10.09px  button.qc-list-card__reference “4”
    10.09px  button.qc-list-card__reference “5”
(mots cliquables <44: 45, plus petit 18.7px)

## fr-light / library @ 414px  [app=reading theme=light dir=ltr root=15.1038px]
tiny text (26) ::
    10.27px  small. “2 · 286 versets”
    10.12px  button.qc-list-card__reference “1”
    10.12px  button.qc-list-card__reference “2”
    10.12px  button.qc-list-card__reference “3”
    10.12px  button.qc-list-card__reference “4”
    10.12px  button.qc-list-card__reference “5”
(mots cliquables <44: 45, plus petit 18.7px)

## fr-light / library @ 768px  [app=reading theme=light dir=ltr root=15.7056px]
tiny text (15) ::
    10.37px  span.font-[var(--font-ui)].text-[0.65rem].font-bold “FIN DE LA SOURATE”
    10.37px  p.mp-footer-v2__verse-translation “Je n’ai créé les djinns et les hommes qu”
    10px  span.mp-footer-v2__verse-ref “Adh-Dhariyat · 51:56”
    10px  span.mp-footer-v2__nav-label “Accueil”
    10px  span.mp-footer-v2__nav-label “Lire”
    10px  span.mp-footer-v2__nav-label “Rechercher”
(mots cliquables <44: 36, plus petit 21.6px)

## fr-light / library @ 1024px  [app=reading theme=light dir=ltr root=16.1408px]
tiny text (8) ::
    10.01px  span.mp-footer-v2__verse-ref “Adh-Dhariyat · 51:56”
    10.01px  span. “MUSHAFPLUS”
    10.01px  span. “À propos”
    10.01px  span. “Confidentialité”
    10.01px  span. “Mentions légales”
    10.01px  span. “Sources”
(mots cliquables <44: 35, plus petit 23.4px)

## fr-light / library @ 1280px  [app=reading theme=light dir=ltr root=16.576px]
tiny text (8) ::
    10.28px  span.mp-footer-v2__verse-ref “Adh-Dhariyat · 51:56”
    10.28px  span. “MUSHAFPLUS”
    10.28px  span. “À propos”
    10.28px  span. “Confidentialité”
    10.28px  span. “Mentions légales”
    10.28px  span. “Sources”
(mots cliquables <44: 18, plus petit 29.8px)

## fr-light / library @ 1440px  [app=reading theme=light dir=ltr root=16.848px]
tiny text (8) ::
    10.45px  span.mp-footer-v2__verse-ref “Adh-Dhariyat · 51:56”
    10.45px  span. “MUSHAFPLUS”
    10.45px  span. “À propos”
    10.45px  span. “Confidentialité”
    10.45px  span. “Mentions légales”
    10.45px  span. “Sources”
(mots cliquables <44: 18, plus petit 29.8px)

## fr-light / library @ 1920px  [app=reading theme=light dir=ltr root=17px]
(mots cliquables <44: 18, plus petit 29.8px)

## fr-light / settings @ 280px  [app=reading theme=light dir=ltr root=15px]
tiny text (40) ::
    9.9px  span.mp-header__title-transliteration “Al-Baqara”
    9.9px  span.mp-header__title-meaning “La Vache”
    10.05px  button.qc-list-card__reference “1”
    10.05px  button.qc-list-card__reference “2”
    10.05px  button.qc-list-card__reference “3”
    10.05px  button.qc-list-card__reference “4”
(mots cliquables <44: 52, plus petit 17.0px)

## fr-light / settings @ 320px  [app=reading theme=light dir=ltr root=15px]
tiny text (40) ::
    9.9px  span.mp-header__title-transliteration “Al-Baqara”
    9.9px  span.mp-header__title-meaning “La Vache”
    10.05px  button.qc-list-card__reference “1”
    10.05px  button.qc-list-card__reference “2”
    10.05px  button.qc-list-card__reference “3”
    10.05px  button.qc-list-card__reference “4”
(mots cliquables <44: 52, plus petit 17.0px)

## fr-light / settings @ 360px  [app=reading theme=light dir=ltr root=15.012px]
tiny text (40) ::
    9.91px  span.mp-header__title-transliteration “Al-Baqara”
    9.91px  span.mp-header__title-meaning “La Vache”
    10.06px  button.qc-list-card__reference “1”
    10.06px  button.qc-list-card__reference “2”
    10.06px  button.qc-list-card__reference “3”
    10.06px  button.qc-list-card__reference “4”
(mots cliquables <44: 45, plus petit 18.7px)

## fr-light / settings @ 390px  [app=reading theme=light dir=ltr root=15.063px]
tiny text (39) ::
    10.24px  small. “2 · 286 versets”
    10.09px  button.qc-list-card__reference “1”
    10.09px  button.qc-list-card__reference “2”
    10.09px  button.qc-list-card__reference “3”
    10.09px  button.qc-list-card__reference “4”
    10.09px  button.qc-list-card__reference “5”
(mots cliquables <44: 45, plus petit 18.7px)

## fr-light / settings @ 414px  [app=reading theme=light dir=ltr root=15.1038px]
tiny text (39) ::
    10.27px  small. “2 · 286 versets”
    10.12px  button.qc-list-card__reference “1”
    10.12px  button.qc-list-card__reference “2”
    10.12px  button.qc-list-card__reference “3”
    10.12px  button.qc-list-card__reference “4”
    10.12px  button.qc-list-card__reference “5”
(mots cliquables <44: 45, plus petit 18.7px)

## fr-light / settings @ 768px  [app=reading theme=light dir=ltr root=15.7056px]
tiny text (24) ::
    10.37px  span.font-[var(--font-ui)].text-[0.65rem].font-bold “FIN DE LA SOURATE”
    10.37px  p.mp-footer-v2__verse-translation “Je n’ai créé les djinns et les hommes qu”
    10px  span.mp-footer-v2__verse-ref “Adh-Dhariyat · 51:56”
    10px  span.mp-footer-v2__nav-label “Accueil”
    10px  span.mp-footer-v2__nav-label “Lire”
    10px  span.mp-footer-v2__nav-label “Rechercher”
(mots cliquables <44: 36, plus petit 21.6px)

## fr-light / settings @ 1024px  [app=reading theme=light dir=ltr root=16.1408px]
tiny text (11) ::
    10.01px  span.mp-footer-v2__verse-ref “Adh-Dhariyat · 51:56”
    10.01px  span. “MUSHAFPLUS”
    10.01px  span. “À propos”
    10.01px  span. “Confidentialité”
    10.01px  span. “Mentions légales”
    10.01px  span. “Sources”
(mots cliquables <44: 35, plus petit 23.4px)

## fr-light / settings @ 1280px  [app=reading theme=light dir=ltr root=16.576px]
tiny text (11) ::
    10.28px  span.mp-footer-v2__verse-ref “Adh-Dhariyat · 51:56”
    10.28px  span. “MUSHAFPLUS”
    10.28px  span. “À propos”
    10.28px  span. “Confidentialité”
    10.28px  span. “Mentions légales”
    10.28px  span. “Sources”
(mots cliquables <44: 18, plus petit 29.8px)

## fr-light / settings @ 1440px  [app=reading theme=light dir=ltr root=16.848px]
tiny text (11) ::
    10.45px  span.mp-footer-v2__verse-ref “Adh-Dhariyat · 51:56”
    10.45px  span. “MUSHAFPLUS”
    10.45px  span. “À propos”
    10.45px  span. “Confidentialité”
    10.45px  span. “Mentions légales”
    10.45px  span. “Sources”
(mots cliquables <44: 18, plus petit 29.8px)

## fr-light / settings @ 1920px  [app=reading theme=light dir=ltr root=17px]
(mots cliquables <44: 18, plus petit 29.8px)

## fr-light / sidebar @ 280px  [app=reading theme=light dir=ltr root=15px]
tiny text (40) ::
    9.9px  span.mp-header__title-transliteration “Al-Baqara”
    9.9px  span.mp-header__title-meaning “La Vache”
    10px  span.shrink-0.text-[0.6rem].font-bold “HAFS”
    10.2px  div.flex.h-7.w-7 “1”
    10px  span.flex.items-center.gap-1 “Mecquoise 7 v.”
    10px  span.inline-flex.items-center.text-[0.64rem] “Mecquoise”
(mots cliquables <44: 52, plus petit 17.0px)

## fr-light / sidebar @ 320px  [app=reading theme=light dir=ltr root=15px]
tiny text (40) ::
    9.9px  span.mp-header__title-transliteration “Al-Baqara”
    9.9px  span.mp-header__title-meaning “La Vache”
    10px  span.shrink-0.text-[0.6rem].font-bold “HAFS”
    10.2px  div.flex.h-7.w-7 “1”
    10px  span.flex.items-center.gap-1 “Mecquoise 7 v.”
    10px  span.inline-flex.items-center.text-[0.64rem] “Mecquoise”
(mots cliquables <44: 52, plus petit 17.0px)

## fr-light / sidebar @ 360px  [app=reading theme=light dir=ltr root=15.012px]
tiny text (40) ::
    9.91px  span.mp-header__title-transliteration “Al-Baqara”
    9.91px  span.mp-header__title-meaning “La Vache”
    10px  span.shrink-0.text-[0.6rem].font-bold “HAFS”
    10.21px  div.flex.h-7.w-7 “1”
    10px  span.flex.items-center.gap-1 “Mecquoise 7 v.”
    10px  span.inline-flex.items-center.text-[0.64rem] “Mecquoise”
(mots cliquables <44: 45, plus petit 18.7px)

## fr-light / sidebar @ 390px  [app=reading theme=light dir=ltr root=15.063px]
tiny text (40) ::
    10px  span.shrink-0.text-[0.6rem].font-bold “HAFS”
    10.24px  div.flex.h-7.w-7 “1”
    10px  span.flex.items-center.gap-1 “Mecquoise 7 v.”
    10px  span.inline-flex.items-center.text-[0.64rem] “Mecquoise”
    10.24px  div.flex.h-7.w-7 “2”
    10px  span.flex.items-center.gap-1 “Médinoise 286 v.”
(mots cliquables <44: 45, plus petit 18.7px)

## fr-light / sidebar @ 414px  [app=reading theme=light dir=ltr root=15.1038px]
tiny text (40) ::
    10px  span.shrink-0.text-[0.6rem].font-bold “HAFS”
    10.27px  div.flex.h-7.w-7 “1”
    10px  span.flex.items-center.gap-1 “Mecquoise 7 v.”
    10px  span.inline-flex.items-center.text-[0.64rem] “Mecquoise”
    10.27px  div.flex.h-7.w-7 “2”
    10px  span.flex.items-center.gap-1 “Médinoise 286 v.”
(mots cliquables <44: 45, plus petit 18.7px)

## fr-light / sidebar @ 768px  [app=reading theme=light dir=ltr root=15.7056px]
tiny text (40) ::
    10.37px  span.shrink-0.text-[0.6rem].font-bold “HAFS”
    10.37px  span.flex.items-center.gap-1 “Mecquoise 7 v.”
    10.37px  span.inline-flex.items-center.text-[0.64rem] “Mecquoise”
    10.37px  span.flex.items-center.gap-1 “Médinoise 286 v.”
    10.37px  span.inline-flex.items-center.text-[0.64rem] “Médinoise”
    10.37px  span.flex.items-center.gap-1 “Médinoise 200 v.”
(mots cliquables <44: 36, plus petit 21.6px)

## fr-light / sidebar @ 1024px  [app=reading theme=light dir=ltr root=16.1408px]
tiny text (8) ::
    10.01px  span.mp-footer-v2__verse-ref “Adh-Dhariyat · 51:56”
    10.01px  span. “MUSHAFPLUS”
    10.01px  span. “À propos”
    10.01px  span. “Confidentialité”
    10.01px  span. “Mentions légales”
    10.01px  span. “Sources”
(mots cliquables <44: 35, plus petit 23.4px)

## fr-light / sidebar @ 1280px  [app=reading theme=light dir=ltr root=16.576px]
tiny text (8) ::
    10.28px  span.mp-footer-v2__verse-ref “Adh-Dhariyat · 51:56”
    10.28px  span. “MUSHAFPLUS”
    10.28px  span. “À propos”
    10.28px  span. “Confidentialité”
    10.28px  span. “Mentions légales”
    10.28px  span. “Sources”
(mots cliquables <44: 18, plus petit 29.8px)

## fr-light / sidebar @ 1440px  [app=reading theme=light dir=ltr root=16.848px]
tiny text (8) ::
    10.45px  span.mp-footer-v2__verse-ref “Adh-Dhariyat · 51:56”
    10.45px  span. “MUSHAFPLUS”
    10.45px  span. “À propos”
    10.45px  span. “Confidentialité”
    10.45px  span. “Mentions légales”
    10.45px  span. “Sources”
(mots cliquables <44: 18, plus petit 29.8px)

## fr-light / sidebar @ 1920px  [app=reading theme=light dir=ltr root=17px]
(mots cliquables <44: 18, plus petit 29.8px)

## fr-light / duas @ 280px  [app=duas theme=light dir=ltr root=15px]
tiny text (12) ::
    10px  p.mp-footer-v2__verse-translation “Je n’ai créé les djinns et les hommes qu”
    10px  span.mp-footer-v2__verse-ref “Adh-Dhariyat · 51:56”
    10px  span.mp-footer-v2__nav-label “Accueil”
    10px  span.mp-footer-v2__nav-label “Lire”
    10px  span.mp-footer-v2__nav-label “Rechercher”
    10px  span.mp-footer-v2__nav-label “Écouter”

## fr-light / duas @ 320px  [app=duas theme=light dir=ltr root=15px]
tiny text (12) ::
    10px  p.mp-footer-v2__verse-translation “Je n’ai créé les djinns et les hommes qu”
    10px  span.mp-footer-v2__verse-ref “Adh-Dhariyat · 51:56”
    10px  span.mp-footer-v2__nav-label “Accueil”
    10px  span.mp-footer-v2__nav-label “Lire”
    10px  span.mp-footer-v2__nav-label “Rechercher”
    10px  span.mp-footer-v2__nav-label “Écouter”

## fr-light / duas @ 360px  [app=duas theme=light dir=ltr root=15.012px]
tiny text (13) ::
    10px  p.mp-footer-v2__verse-translation “Je n’ai créé les djinns et les hommes qu”
    10px  span.mp-footer-v2__verse-ref “Adh-Dhariyat · 51:56”
    10px  span.mp-footer-v2__nav-label “Accueil”
    10px  span.mp-footer-v2__nav-label “Lire”
    10px  span.mp-footer-v2__nav-label “Rechercher”
    10px  span.mp-footer-v2__nav-label “Écouter”

## fr-light / duas @ 390px  [app=duas theme=light dir=ltr root=15.063px]
tiny text (13) ::
    10px  p.mp-footer-v2__verse-translation “Je n’ai créé les djinns et les hommes qu”
    10px  span.mp-footer-v2__verse-ref “Adh-Dhariyat · 51:56”
    10px  span.mp-footer-v2__nav-label “Accueil”
    10px  span.mp-footer-v2__nav-label “Lire”
    10px  span.mp-footer-v2__nav-label “Rechercher”
    10px  span.mp-footer-v2__nav-label “Écouter”

## fr-light / duas @ 414px  [app=duas theme=light dir=ltr root=15.1038px]
tiny text (13) ::
    10px  p.mp-footer-v2__verse-translation “Je n’ai créé les djinns et les hommes qu”
    10px  span.mp-footer-v2__verse-ref “Adh-Dhariyat · 51:56”
    10px  span.mp-footer-v2__nav-label “Accueil”
    10px  span.mp-footer-v2__nav-label “Lire”
    10px  span.mp-footer-v2__nav-label “Rechercher”
    10px  span.mp-footer-v2__nav-label “Écouter”

## fr-light / duas @ 768px  [app=duas theme=light dir=ltr root=15.7056px]
tiny text (14) ::
    10.37px  p.mp-footer-v2__verse-translation “Je n’ai créé les djinns et les hommes qu”
    10px  span.mp-footer-v2__verse-ref “Adh-Dhariyat · 51:56”
    10px  span.mp-footer-v2__nav-label “Accueil”
    10px  span.mp-footer-v2__nav-label “Lire”
    10px  span.mp-footer-v2__nav-label “Rechercher”
    10px  span.mp-footer-v2__nav-label “Écouter”

## fr-light / duas @ 1024px  [app=duas theme=light dir=ltr root=16.1408px]
tiny text (8) ::
    10.01px  span.mp-footer-v2__verse-ref “Adh-Dhariyat · 51:56”
    10.01px  span. “MUSHAFPLUS”
    10.01px  span. “À propos”
    10.01px  span. “Confidentialité”
    10.01px  span. “Mentions légales”
    10.01px  span. “Sources”

## fr-light / duas @ 1280px  [app=duas theme=light dir=ltr root=16.576px]
tiny text (8) ::
    10.28px  span.mp-footer-v2__verse-ref “Adh-Dhariyat · 51:56”
    10.28px  span. “MUSHAFPLUS”
    10.28px  span. “À propos”
    10.28px  span. “Confidentialité”
    10.28px  span. “Mentions légales”
    10.28px  span. “Sources”

## fr-light / duas @ 1440px  [app=duas theme=light dir=ltr root=16.848px]
tiny text (8) ::
    10.45px  span.mp-footer-v2__verse-ref “Adh-Dhariyat · 51:56”
    10.45px  span. “MUSHAFPLUS”
    10.45px  span. “À propos”
    10.45px  span. “Confidentialité”
    10.45px  span. “Mentions légales”
    10.45px  span. “Sources”

## fr-light / about @ 280px  [app=legal theme=light dir=ltr root=15px]
tiny text (11) ::
    10px  p.legal-page__eyebrow “BIBLIOTHÈQUE & TRANSPARENCE”
    10px  span. “114 sourates”
    10px  span. “Données locales”
    10px  span. “v1.1.0”
    10px  span.legal-page__card-index “01”
    10px  span.legal-page__card-index “02”

## fr-light / about @ 320px  [app=legal theme=light dir=ltr root=15px]
tiny text (11) ::
    10px  p.legal-page__eyebrow “BIBLIOTHÈQUE & TRANSPARENCE”
    10px  span. “114 sourates”
    10px  span. “Données locales”
    10px  span. “v1.1.0”
    10px  span.legal-page__card-index “01”
    10px  span.legal-page__card-index “02”

## fr-light / about @ 360px  [app=legal theme=light dir=ltr root=15.012px]
tiny text (11) ::
    10px  p.legal-page__eyebrow “BIBLIOTHÈQUE & TRANSPARENCE”
    10px  span. “114 sourates”
    10px  span. “Données locales”
    10px  span. “v1.1.0”
    10px  span.legal-page__card-index “01”
    10px  span.legal-page__card-index “02”

## fr-light / about @ 390px  [app=legal theme=light dir=ltr root=15.063px]
tiny text (11) ::
    10px  p.legal-page__eyebrow “BIBLIOTHÈQUE & TRANSPARENCE”
    10px  span. “114 sourates”
    10px  span. “Données locales”
    10px  span. “v1.1.0”
    10px  span.legal-page__card-index “01”
    10px  span.legal-page__card-index “02”

## fr-light / about @ 414px  [app=legal theme=light dir=ltr root=15.1038px]
tiny text (11) ::
    10px  p.legal-page__eyebrow “BIBLIOTHÈQUE & TRANSPARENCE”
    10px  span. “114 sourates”
    10px  span. “Données locales”
    10px  span. “v1.1.0”
    10px  span.legal-page__card-index “01”
    10px  span.legal-page__card-index “02”

## fr-light / about @ 768px  [app=legal theme=light dir=ltr root=15.7056px]
tiny text (7) ::
    10.37px  span. “114 sourates”
    10.37px  span. “Données locales”
    10.37px  span. “v1.1.0”
    10.37px  span.legal-page__card-index “01”
    10.37px  span.legal-page__card-index “02”
    10.37px  span.legal-page__card-index “03”

## fr-light / about @ 1024px  [app=legal theme=light dir=ltr root=16.1408px]
tiny text (1) ::
    10.19px  span.mp-header__home-meta-clean “HAFS · 114 SOURATES · 30 JUZ”

## fr-light / notfound @ 280px  [app=not-found theme=light dir=ltr root=15px]
tiny text (1) ::
    10.05px  span.mp-header__title-meaning “La Vache”

## fr-light / notfound @ 320px  [app=not-found theme=light dir=ltr root=15px]
tiny text (1) ::
    10.05px  span.mp-header__title-meaning “La Vache”

## fr-light / notfound @ 360px  [app=not-found theme=light dir=ltr root=15.012px]
tiny text (1) ::
    10.08px  span.mp-header__title-meaning “La Vache”

## ar-dark / home-surah @ 280px  [app=home theme=dark dir=rtl root=15px]
clipped-x (1) ::
    -15px  div.home-resume-panel__watermark “002”
tiny text (40) ::
    10px  span.shrink-0.text-[0.6rem].font-bold “HAFS”
    10.2px  div.flex.h-7.w-7 “1”
    10px  span.flex.items-center.gap-1 “مكية 7 آية”
    10px  span.inline-flex.items-center.text-[0.64rem] “مكية”
    10.2px  div.flex.h-7.w-7 “2”
    10px  span.flex.items-center.gap-1 “مدنية 286 آية”

## ar-dark / home-surah @ 320px  [app=home theme=dark dir=rtl root=15px]
tiny text (40) ::
    10px  span.shrink-0.text-[0.6rem].font-bold “HAFS”
    10.2px  div.flex.h-7.w-7 “1”
    10px  span.flex.items-center.gap-1 “مكية 7 آية”
    10px  span.inline-flex.items-center.text-[0.64rem] “مكية”
    10.2px  div.flex.h-7.w-7 “2”
    10px  span.flex.items-center.gap-1 “مدنية 286 آية”

## ar-dark / home-surah @ 360px  [app=home theme=dark dir=rtl root=15.012px]
tiny text (40) ::
    10px  span.shrink-0.text-[0.6rem].font-bold “HAFS”
    10.21px  div.flex.h-7.w-7 “1”
    10px  span.flex.items-center.gap-1 “مكية 7 آية”
    10px  span.inline-flex.items-center.text-[0.64rem] “مكية”
    10.21px  div.flex.h-7.w-7 “2”
    10px  span.flex.items-center.gap-1 “مدنية 286 آية”

## ar-dark / home-surah @ 390px  [app=home theme=dark dir=rtl root=15.063px]
tiny text (40) ::
    10px  span.shrink-0.text-[0.6rem].font-bold “HAFS”
    10.24px  div.flex.h-7.w-7 “1”
    10px  span.flex.items-center.gap-1 “مكية 7 آية”
    10px  span.inline-flex.items-center.text-[0.64rem] “مكية”
    10.24px  div.flex.h-7.w-7 “2”
    10px  span.flex.items-center.gap-1 “مدنية 286 آية”

## ar-dark / home-surah @ 414px  [app=home theme=dark dir=rtl root=15.1038px]
tiny text (40) ::
    10px  span.shrink-0.text-[0.6rem].font-bold “HAFS”
    10.27px  div.flex.h-7.w-7 “1”
    10px  span.flex.items-center.gap-1 “مكية 7 آية”
    10px  span.inline-flex.items-center.text-[0.64rem] “مكية”
    10.27px  div.flex.h-7.w-7 “2”
    10px  span.flex.items-center.gap-1 “مدنية 286 آية”

## ar-dark / home-surah @ 768px  [app=home theme=dark dir=rtl root=15.7056px]
tiny text (40) ::
    10.37px  span.shrink-0.text-[0.6rem].font-bold “HAFS”
    10.37px  span.flex.items-center.gap-1 “مكية 7 آية”
    10.37px  span.inline-flex.items-center.text-[0.64rem] “مكية”
    10.37px  span.flex.items-center.gap-1 “مدنية 286 آية”
    10.37px  span.inline-flex.items-center.text-[0.64rem] “مدنية”
    10.37px  span.flex.items-center.gap-1 “مدنية 200 آية”

## ar-dark / home-surah @ 1024px  [app=home theme=dark dir=rtl root=16.1408px]
tiny text (9) ::
    10.19px  span.mp-header__home-meta-clean “HAFS · 114 سورة · ٣٠ جزء”
    10.01px  span.mp-footer-v2__verse-ref “الذاريات · ٥١:٥٦”
    10.01px  span. “MUSHAFPLUS”
    10.01px  span. “حول التطبيق”
    10.01px  span. “الخصوصية”
    10.01px  span. “إشعار قانوني”

## ar-dark / home-surah @ 1280px  [app=home theme=dark dir=rtl root=16.576px]
tiny text (8) ::
    10.28px  span.mp-footer-v2__verse-ref “الذاريات · ٥١:٥٦”
    10.28px  span. “MUSHAFPLUS”
    10.28px  span. “حول التطبيق”
    10.28px  span. “الخصوصية”
    10.28px  span. “إشعار قانوني”
    10.28px  span. “المصادر”

## ar-dark / home-surah @ 1440px  [app=home theme=dark dir=rtl root=16.848px]
tiny text (8) ::
    10.45px  span.mp-footer-v2__verse-ref “الذاريات · ٥١:٥٦”
    10.45px  span. “MUSHAFPLUS”
    10.45px  span. “حول التطبيق”
    10.45px  span. “الخصوصية”
    10.45px  span. “إشعار قانوني”
    10.45px  span. “المصادر”

## ar-dark / home-juz @ 280px  [app=home theme=dark dir=rtl root=15px]
clipped-x (1) ::
    -15px  div.home-resume-panel__watermark “002”
tiny text (40) ::
    10px  span.shrink-0.text-[0.6rem].font-bold “HAFS”
    10.2px  div.flex.h-7.w-7 “1”
    10px  span.flex.items-center.gap-1 “مكية 7 آية”
    10px  span.inline-flex.items-center.text-[0.64rem] “مكية”
    10.2px  div.flex.h-7.w-7 “2”
    10px  span.flex.items-center.gap-1 “مدنية 286 آية”

## ar-dark / home-juz @ 320px  [app=home theme=dark dir=rtl root=15px]
tiny text (40) ::
    10px  span.shrink-0.text-[0.6rem].font-bold “HAFS”
    10.2px  div.flex.h-7.w-7 “1”
    10px  span.flex.items-center.gap-1 “مكية 7 آية”
    10px  span.inline-flex.items-center.text-[0.64rem] “مكية”
    10.2px  div.flex.h-7.w-7 “2”
    10px  span.flex.items-center.gap-1 “مدنية 286 آية”

## ar-dark / home-juz @ 360px  [app=home theme=dark dir=rtl root=15.012px]
tiny text (40) ::
    10px  span.shrink-0.text-[0.6rem].font-bold “HAFS”
    10.21px  div.flex.h-7.w-7 “1”
    10px  span.flex.items-center.gap-1 “مكية 7 آية”
    10px  span.inline-flex.items-center.text-[0.64rem] “مكية”
    10.21px  div.flex.h-7.w-7 “2”
    10px  span.flex.items-center.gap-1 “مدنية 286 آية”

## ar-dark / home-juz @ 390px  [app=home theme=dark dir=rtl root=15.063px]
tiny text (40) ::
    10px  span.shrink-0.text-[0.6rem].font-bold “HAFS”
    10.24px  div.flex.h-7.w-7 “1”
    10px  span.flex.items-center.gap-1 “مكية 7 آية”
    10px  span.inline-flex.items-center.text-[0.64rem] “مكية”
    10.24px  div.flex.h-7.w-7 “2”
    10px  span.flex.items-center.gap-1 “مدنية 286 آية”

## ar-dark / home-juz @ 414px  [app=home theme=dark dir=rtl root=15.1038px]
tiny text (40) ::
    10px  span.shrink-0.text-[0.6rem].font-bold “HAFS”
    10.27px  div.flex.h-7.w-7 “1”
    10px  span.flex.items-center.gap-1 “مكية 7 آية”
    10px  span.inline-flex.items-center.text-[0.64rem] “مكية”
    10.27px  div.flex.h-7.w-7 “2”
    10px  span.flex.items-center.gap-1 “مدنية 286 آية”

## ar-dark / home-juz @ 768px  [app=home theme=dark dir=rtl root=15.7056px]
tiny text (40) ::
    10.37px  span.shrink-0.text-[0.6rem].font-bold “HAFS”
    10.37px  span.flex.items-center.gap-1 “مكية 7 آية”
    10.37px  span.inline-flex.items-center.text-[0.64rem] “مكية”
    10.37px  span.flex.items-center.gap-1 “مدنية 286 آية”
    10.37px  span.inline-flex.items-center.text-[0.64rem] “مدنية”
    10.37px  span.flex.items-center.gap-1 “مدنية 200 آية”

## ar-dark / home-juz @ 1024px  [app=home theme=dark dir=rtl root=16.1408px]
tiny text (9) ::
    10.19px  span.mp-header__home-meta-clean “HAFS · 114 سورة · ٣٠ جزء”
    10.01px  span.mp-footer-v2__verse-ref “الذاريات · ٥١:٥٦”
    10.01px  span. “MUSHAFPLUS”
    10.01px  span. “حول التطبيق”
    10.01px  span. “الخصوصية”
    10.01px  span. “إشعار قانوني”

## ar-dark / home-juz @ 1280px  [app=home theme=dark dir=rtl root=16.576px]
tiny text (8) ::
    10.28px  span.mp-footer-v2__verse-ref “الذاريات · ٥١:٥٦”
    10.28px  span. “MUSHAFPLUS”
    10.28px  span. “حول التطبيق”
    10.28px  span. “الخصوصية”
    10.28px  span. “إشعار قانوني”
    10.28px  span. “المصادر”

## ar-dark / home-juz @ 1440px  [app=home theme=dark dir=rtl root=16.848px]
tiny text (8) ::
    10.45px  span.mp-footer-v2__verse-ref “الذاريات · ٥١:٥٦”
    10.45px  span. “MUSHAFPLUS”
    10.45px  span. “حول التطبيق”
    10.45px  span. “الخصوصية”
    10.45px  span. “إشعار قانوني”
    10.45px  span. “المصادر”

## ar-dark / home-audio @ 280px  [app=home theme=dark dir=rtl root=15px]
clipped-x (1) ::
    -15px  div.home-resume-panel__watermark “002”
tiny text (40) ::
    10px  span.shrink-0.text-[0.6rem].font-bold “HAFS”
    10.2px  div.flex.h-7.w-7 “1”
    10px  span.flex.items-center.gap-1 “مكية 7 آية”
    10px  span.inline-flex.items-center.text-[0.64rem] “مكية”
    10.2px  div.flex.h-7.w-7 “2”
    10px  span.flex.items-center.gap-1 “مدنية 286 آية”

## ar-dark / home-audio @ 320px  [app=home theme=dark dir=rtl root=15px]
tiny text (40) ::
    10px  span.shrink-0.text-[0.6rem].font-bold “HAFS”
    10.2px  div.flex.h-7.w-7 “1”
    10px  span.flex.items-center.gap-1 “مكية 7 آية”
    10px  span.inline-flex.items-center.text-[0.64rem] “مكية”
    10.2px  div.flex.h-7.w-7 “2”
    10px  span.flex.items-center.gap-1 “مدنية 286 آية”

## ar-dark / home-audio @ 360px  [app=home theme=dark dir=rtl root=15.012px]
tiny text (40) ::
    10px  span.shrink-0.text-[0.6rem].font-bold “HAFS”
    10.21px  div.flex.h-7.w-7 “1”
    10px  span.flex.items-center.gap-1 “مكية 7 آية”
    10px  span.inline-flex.items-center.text-[0.64rem] “مكية”
    10.21px  div.flex.h-7.w-7 “2”
    10px  span.flex.items-center.gap-1 “مدنية 286 آية”

## ar-dark / home-audio @ 390px  [app=home theme=dark dir=rtl root=15.063px]
tiny text (40) ::
    10px  span.shrink-0.text-[0.6rem].font-bold “HAFS”
    10.24px  div.flex.h-7.w-7 “1”
    10px  span.flex.items-center.gap-1 “مكية 7 آية”
    10px  span.inline-flex.items-center.text-[0.64rem] “مكية”
    10.24px  div.flex.h-7.w-7 “2”
    10px  span.flex.items-center.gap-1 “مدنية 286 آية”

## ar-dark / home-audio @ 414px  [app=home theme=dark dir=rtl root=15.1038px]
tiny text (40) ::
    10px  span.shrink-0.text-[0.6rem].font-bold “HAFS”
    10.27px  div.flex.h-7.w-7 “1”
    10px  span.flex.items-center.gap-1 “مكية 7 آية”
    10px  span.inline-flex.items-center.text-[0.64rem] “مكية”
    10.27px  div.flex.h-7.w-7 “2”
    10px  span.flex.items-center.gap-1 “مدنية 286 آية”

## ar-dark / home-audio @ 768px  [app=home theme=dark dir=rtl root=15.7056px]
tiny text (40) ::
    10.37px  span.shrink-0.text-[0.6rem].font-bold “HAFS”
    10.37px  span.flex.items-center.gap-1 “مكية 7 آية”
    10.37px  span.inline-flex.items-center.text-[0.64rem] “مكية”
    10.37px  span.flex.items-center.gap-1 “مدنية 286 آية”
    10.37px  span.inline-flex.items-center.text-[0.64rem] “مدنية”
    10.37px  span.flex.items-center.gap-1 “مدنية 200 آية”

## ar-dark / home-audio @ 1024px  [app=home theme=dark dir=rtl root=16.1408px]
tiny text (14) ::
    10.19px  span.mp-header__home-meta-clean “HAFS · 114 سورة · ٣٠ جزء”
    10.01px  small. “49”
    10.01px  small. “4”
    10.01px  span.home-style-filter__count “59”
    10.01px  span.home-style-filter__count “54”
    10.01px  span.home-style-filter__count “5”

## ar-dark / home-audio @ 1280px  [app=home theme=dark dir=rtl root=16.576px]
tiny text (13) ::
    10.28px  small. “49”
    10.28px  small. “4”
    10.28px  span.home-style-filter__count “59”
    10.28px  span.home-style-filter__count “54”
    10.28px  span.home-style-filter__count “5”
    10.28px  span.mp-footer-v2__verse-ref “الذاريات · ٥١:٥٦”

## ar-dark / home-audio @ 1440px  [app=home theme=dark dir=rtl root=16.848px]
tiny text (13) ::
    10.45px  small. “49”
    10.45px  small. “4”
    10.45px  span.home-style-filter__count “59”
    10.45px  span.home-style-filter__count “54”
    10.45px  span.home-style-filter__count “5”
    10.45px  span.mp-footer-v2__verse-ref “الذاريات · ٥١:٥٦”

## ar-dark / reciter-detail @ 280px  [app=home theme=dark dir=rtl root=15px]
clipped-x (1) ::
    -15px  div.home-resume-panel__watermark “002”
tiny text (40) ::
    10px  span.shrink-0.text-[0.6rem].font-bold “HAFS”
    10.2px  div.flex.h-7.w-7 “1”
    10px  span.flex.items-center.gap-1 “مكية 7 آية”
    10px  span.inline-flex.items-center.text-[0.64rem] “مكية”
    10.2px  div.flex.h-7.w-7 “2”
    10px  span.flex.items-center.gap-1 “مدنية 286 آية”

## ar-dark / reciter-detail @ 320px  [app=home theme=dark dir=rtl root=15px]
tiny text (40) ::
    10px  span.shrink-0.text-[0.6rem].font-bold “HAFS”
    10.2px  div.flex.h-7.w-7 “1”
    10px  span.flex.items-center.gap-1 “مكية 7 آية”
    10px  span.inline-flex.items-center.text-[0.64rem] “مكية”
    10.2px  div.flex.h-7.w-7 “2”
    10px  span.flex.items-center.gap-1 “مدنية 286 آية”

## ar-dark / reciter-detail @ 360px  [app=home theme=dark dir=rtl root=15.012px]
tiny text (40) ::
    10px  span.shrink-0.text-[0.6rem].font-bold “HAFS”
    10.21px  div.flex.h-7.w-7 “1”
    10px  span.flex.items-center.gap-1 “مكية 7 آية”
    10px  span.inline-flex.items-center.text-[0.64rem] “مكية”
    10.21px  div.flex.h-7.w-7 “2”
    10px  span.flex.items-center.gap-1 “مدنية 286 آية”

## ar-dark / reciter-detail @ 390px  [app=home theme=dark dir=rtl root=15.063px]
tiny text (40) ::
    10px  span.shrink-0.text-[0.6rem].font-bold “HAFS”
    10.24px  div.flex.h-7.w-7 “1”
    10px  span.flex.items-center.gap-1 “مكية 7 آية”
    10px  span.inline-flex.items-center.text-[0.64rem] “مكية”
    10.24px  div.flex.h-7.w-7 “2”
    10px  span.flex.items-center.gap-1 “مدنية 286 آية”

## ar-dark / reciter-detail @ 414px  [app=home theme=dark dir=rtl root=15.1038px]
tiny text (40) ::
    10px  span.shrink-0.text-[0.6rem].font-bold “HAFS”
    10.27px  div.flex.h-7.w-7 “1”
    10px  span.flex.items-center.gap-1 “مكية 7 آية”
    10px  span.inline-flex.items-center.text-[0.64rem] “مكية”
    10.27px  div.flex.h-7.w-7 “2”
    10px  span.flex.items-center.gap-1 “مدنية 286 آية”

## ar-dark / reciter-detail @ 768px  [app=home theme=dark dir=rtl root=15.7056px]
tiny text (40) ::
    10.37px  span.shrink-0.text-[0.6rem].font-bold “HAFS”
    10.37px  span.flex.items-center.gap-1 “مكية 7 آية”
    10.37px  span.inline-flex.items-center.text-[0.64rem] “مكية”
    10.37px  span.flex.items-center.gap-1 “مدنية 286 آية”
    10.37px  span.inline-flex.items-center.text-[0.64rem] “مدنية”
    10.37px  span.flex.items-center.gap-1 “مدنية 200 آية”

## ar-dark / reciter-detail @ 1024px  [app=home theme=dark dir=rtl root=16.1408px]
tiny text (37) ::
    10.19px  span.mp-header__home-meta-clean “HAFS · 114 سورة · ٣٠ جزء”
    10.01px  small. “49”
    10.01px  small. “4”
    10.01px  span.home-style-filter__count “59”
    10.01px  span.home-style-filter__count “54”
    10.01px  span.home-style-filter__count “5”

## ar-dark / reciter-detail @ 1280px  [app=home theme=dark dir=rtl root=16.576px]
tiny text (32) ::
    10.28px  small. “49”
    10.28px  small. “4”
    10.28px  span.home-style-filter__count “59”
    10.28px  span.home-style-filter__count “54”
    10.28px  span.home-style-filter__count “5”
    10.28px  span.mp-footer-v2__verse-ref “الذاريات · ٥١:٥٦”

## ar-dark / reciter-detail @ 1440px  [app=home theme=dark dir=rtl root=16.848px]
tiny text (32) ::
    10.45px  small. “49”
    10.45px  small. “4”
    10.45px  span.home-style-filter__count “59”
    10.45px  span.home-style-filter__count “54”
    10.45px  span.home-style-filter__count “5”
    10.45px  span.mp-footer-v2__verse-ref “الذاريات · ٥١:٥٦”

## ar-dark / read-list @ 280px  [app=reading theme=dark dir=rtl root=15px]
tiny text (40) ::
    9.9px  span.mp-header__title-transliteration “Al-Baqara”
    9.9px  span.mp-header__title-meaning “La Vache”
    10px  span.shrink-0.text-[0.6rem].font-bold “HAFS”
    10.2px  div.flex.h-7.w-7 “1”
    10px  span.flex.items-center.gap-1 “مكية 7 آية”
    10px  span.inline-flex.items-center.text-[0.64rem] “مكية”
(mots cliquables <44: 52, plus petit 17.0px)

## ar-dark / read-list @ 320px  [app=reading theme=dark dir=rtl root=15px]
tiny text (40) ::
    9.9px  span.mp-header__title-transliteration “Al-Baqara”
    9.9px  span.mp-header__title-meaning “La Vache”
    10px  span.shrink-0.text-[0.6rem].font-bold “HAFS”
    10.2px  div.flex.h-7.w-7 “1”
    10px  span.flex.items-center.gap-1 “مكية 7 آية”
    10px  span.inline-flex.items-center.text-[0.64rem] “مكية”
(mots cliquables <44: 52, plus petit 17.0px)

## ar-dark / read-list @ 360px  [app=reading theme=dark dir=rtl root=15.012px]
tiny text (40) ::
    9.91px  span.mp-header__title-transliteration “Al-Baqara”
    9.91px  span.mp-header__title-meaning “La Vache”
    10px  span.shrink-0.text-[0.6rem].font-bold “HAFS”
    10.21px  div.flex.h-7.w-7 “1”
    10px  span.flex.items-center.gap-1 “مكية 7 آية”
    10px  span.inline-flex.items-center.text-[0.64rem] “مكية”
(mots cliquables <44: 45, plus petit 18.7px)

## ar-dark / read-list @ 390px  [app=reading theme=dark dir=rtl root=15.063px]
tiny text (40) ::
    10px  span.shrink-0.text-[0.6rem].font-bold “HAFS”
    10.24px  div.flex.h-7.w-7 “1”
    10px  span.flex.items-center.gap-1 “مكية 7 آية”
    10px  span.inline-flex.items-center.text-[0.64rem] “مكية”
    10.24px  div.flex.h-7.w-7 “2”
    10px  span.flex.items-center.gap-1 “مدنية 286 آية”
(mots cliquables <44: 45, plus petit 18.7px)

## ar-dark / read-list @ 414px  [app=reading theme=dark dir=rtl root=15.1038px]
tiny text (40) ::
    10px  span.shrink-0.text-[0.6rem].font-bold “HAFS”
    10.27px  div.flex.h-7.w-7 “1”
    10px  span.flex.items-center.gap-1 “مكية 7 آية”
    10px  span.inline-flex.items-center.text-[0.64rem] “مكية”
    10.27px  div.flex.h-7.w-7 “2”
    10px  span.flex.items-center.gap-1 “مدنية 286 آية”
(mots cliquables <44: 45, plus petit 18.7px)

## ar-dark / read-list @ 768px  [app=reading theme=dark dir=rtl root=15.7056px]
tiny text (40) ::
    10.37px  span.shrink-0.text-[0.6rem].font-bold “HAFS”
    10.37px  span.flex.items-center.gap-1 “مكية 7 آية”
    10.37px  span.inline-flex.items-center.text-[0.64rem] “مكية”
    10.37px  span.flex.items-center.gap-1 “مدنية 286 آية”
    10.37px  span.inline-flex.items-center.text-[0.64rem] “مدنية”
    10.37px  span.flex.items-center.gap-1 “مدنية 200 آية”
(mots cliquables <44: 36, plus petit 21.6px)

## ar-dark / read-list @ 1024px  [app=reading theme=dark dir=rtl root=16.1408px]
tiny text (8) ::
    10.01px  span.mp-footer-v2__verse-ref “الذاريات · ٥١:٥٦”
    10.01px  span. “MUSHAFPLUS”
    10.01px  span. “حول التطبيق”
    10.01px  span. “الخصوصية”
    10.01px  span. “إشعار قانوني”
    10.01px  span. “المصادر”
(mots cliquables <44: 35, plus petit 23.4px)

## ar-dark / read-list @ 1280px  [app=reading theme=dark dir=rtl root=16.576px]
tiny text (8) ::
    10.28px  span.mp-footer-v2__verse-ref “الذاريات · ٥١:٥٦”
    10.28px  span. “MUSHAFPLUS”
    10.28px  span. “حول التطبيق”
    10.28px  span. “الخصوصية”
    10.28px  span. “إشعار قانوني”
    10.28px  span. “المصادر”
(mots cliquables <44: 18, plus petit 29.8px)

## ar-dark / read-list @ 1440px  [app=reading theme=dark dir=rtl root=16.848px]
tiny text (8) ::
    10.45px  span.mp-footer-v2__verse-ref “الذاريات · ٥١:٥٦”
    10.45px  span. “MUSHAFPLUS”
    10.45px  span. “حول التطبيق”
    10.45px  span. “الخصوصية”
    10.45px  span. “إشعار قانوني”
    10.45px  span. “المصادر”
(mots cliquables <44: 18, plus petit 29.8px)

## ar-dark / read-list @ 1920px  [app=reading theme=dark dir=rtl root=17px]
(mots cliquables <44: 18, plus petit 29.8px)

## ar-dark / read-mushaf @ 280px  [app=reading theme=dark dir=rtl root=15px]
tiny text (40) ::
    9.9px  span.mp-header__title-transliteration “Al-Baqara”
    9.9px  span.mp-header__title-meaning “La Vache”
    10px  span.shrink-0.text-[0.6rem].font-bold “HAFS”
    10.2px  div.flex.h-7.w-7 “1”
    10px  span.flex.items-center.gap-1 “مكية 7 آية”
    10px  span.inline-flex.items-center.text-[0.64rem] “مكية”
(mots cliquables <44: 60, plus petit 17.0px)

## ar-dark / read-mushaf @ 320px  [app=reading theme=dark dir=rtl root=15px]
tiny text (40) ::
    9.9px  span.mp-header__title-transliteration “Al-Baqara”
    9.9px  span.mp-header__title-meaning “La Vache”
    10px  span.shrink-0.text-[0.6rem].font-bold “HAFS”
    10.2px  div.flex.h-7.w-7 “1”
    10px  span.flex.items-center.gap-1 “مكية 7 آية”
    10px  span.inline-flex.items-center.text-[0.64rem] “مكية”
(mots cliquables <44: 60, plus petit 17.0px)

## ar-dark / read-mushaf @ 360px  [app=reading theme=dark dir=rtl root=15.012px]
tiny text (40) ::
    9.91px  span.mp-header__title-transliteration “Al-Baqara”
    9.91px  span.mp-header__title-meaning “La Vache”
    10px  span.shrink-0.text-[0.6rem].font-bold “HAFS”
    10.21px  div.flex.h-7.w-7 “1”
    10px  span.flex.items-center.gap-1 “مكية 7 آية”
    10px  span.inline-flex.items-center.text-[0.64rem] “مكية”
(mots cliquables <44: 60, plus petit 17.0px)

## ar-dark / read-mushaf @ 390px  [app=reading theme=dark dir=rtl root=15.063px]
tiny text (40) ::
    10px  span.shrink-0.text-[0.6rem].font-bold “HAFS”
    10.24px  div.flex.h-7.w-7 “1”
    10px  span.flex.items-center.gap-1 “مكية 7 آية”
    10px  span.inline-flex.items-center.text-[0.64rem] “مكية”
    10.24px  div.flex.h-7.w-7 “2”
    10px  span.flex.items-center.gap-1 “مدنية 286 آية”
(mots cliquables <44: 60, plus petit 17.0px)

## ar-dark / read-mushaf @ 414px  [app=reading theme=dark dir=rtl root=15.1038px]
tiny text (40) ::
    10px  span.shrink-0.text-[0.6rem].font-bold “HAFS”
    10.27px  div.flex.h-7.w-7 “1”
    10px  span.flex.items-center.gap-1 “مكية 7 آية”
    10px  span.inline-flex.items-center.text-[0.64rem] “مكية”
    10.27px  div.flex.h-7.w-7 “2”
    10px  span.flex.items-center.gap-1 “مدنية 286 آية”
(mots cliquables <44: 60, plus petit 17.0px)

## ar-dark / read-mushaf @ 768px  [app=reading theme=dark dir=rtl root=15.7056px]
tiny text (40) ::
    10.37px  span.shrink-0.text-[0.6rem].font-bold “HAFS”
    10.37px  span.flex.items-center.gap-1 “مكية 7 آية”
    10.37px  span.inline-flex.items-center.text-[0.64rem] “مكية”
    10.37px  span.flex.items-center.gap-1 “مدنية 286 آية”
    10.37px  span.inline-flex.items-center.text-[0.64rem] “مدنية”
    10.37px  span.flex.items-center.gap-1 “مدنية 200 آية”
(mots cliquables <44: 60, plus petit 19.3px)

## ar-dark / read-mushaf @ 1024px  [app=reading theme=dark dir=rtl root=16.1408px]
tiny text (9) ::
    7.99px  span.cpv-surah-name-tr.text-[9.5px].font-semibold “La Vache”
    10.01px  span.mp-footer-v2__verse-ref “الذاريات · ٥١:٥٦”
    10.01px  span. “MUSHAFPLUS”
    10.01px  span. “حول التطبيق”
    10.01px  span. “الخصوصية”
    10.01px  span. “إشعار قانوني”
(mots cliquables <44: 60, plus petit 21.6px)

## ar-dark / read-mushaf @ 1280px  [app=reading theme=dark dir=rtl root=16.576px]
tiny text (9) ::
    8.55px  span.cpv-surah-name-tr.text-[9.5px].font-semibold “La Vache”
    10.28px  span.mp-footer-v2__verse-ref “الذاريات · ٥١:٥٦”
    10.28px  span. “MUSHAFPLUS”
    10.28px  span. “حول التطبيق”
    10.28px  span. “الخصوصية”
    10.28px  span. “إشعار قانوني”
(mots cliquables <44: 60, plus petit 23.3px)

## ar-dark / read-mushaf @ 1440px  [app=reading theme=dark dir=rtl root=16.848px]
tiny text (9) ::
    8.9px  span.cpv-surah-name-tr.text-[9.5px].font-semibold “La Vache”
    10.45px  span.mp-footer-v2__verse-ref “الذاريات · ٥١:٥٦”
    10.45px  span. “MUSHAFPLUS”
    10.45px  span. “حول التطبيق”
    10.45px  span. “الخصوصية”
    10.45px  span. “إشعار قانوني”
(mots cliquables <44: 60, plus petit 23.4px)

## ar-dark / read-mushaf @ 1920px  [app=reading theme=dark dir=rtl root=17px]
tiny text (1) ::
    9.68px  span.cpv-surah-name-tr.text-[9.5px].font-semibold “La Vache”
(mots cliquables <44: 60, plus petit 23.4px)

## ar-dark / read-page @ 280px  [app=reading theme=dark dir=rtl root=15px]
tiny text (40) ::
    9.9px  span.mp-header__title-transliteration “Aal-Imran”
    9.9px  span.mp-header__title-meaning “La Famille d'Imran”
    10px  span.shrink-0.text-[0.6rem].font-bold “HAFS”
    10.2px  div.flex.h-7.w-7 “1”
    10px  span.flex.items-center.gap-1 “مكية 7 آية”
    10px  span.inline-flex.items-center.text-[0.64rem] “مكية”
(mots cliquables <44: 60, plus petit 17.0px)

## ar-dark / read-page @ 320px  [app=reading theme=dark dir=rtl root=15px]
tiny text (40) ::
    9.9px  span.mp-header__title-transliteration “Aal-Imran”
    9.9px  span.mp-header__title-meaning “La Famille d'Imran”
    10px  span.shrink-0.text-[0.6rem].font-bold “HAFS”
    10.2px  div.flex.h-7.w-7 “1”
    10px  span.flex.items-center.gap-1 “مكية 7 آية”
    10px  span.inline-flex.items-center.text-[0.64rem] “مكية”
(mots cliquables <44: 60, plus petit 17.0px)

## ar-dark / read-page @ 360px  [app=reading theme=dark dir=rtl root=15.012px]
tiny text (40) ::
    9.91px  span.mp-header__title-transliteration “Aal-Imran”
    9.91px  span.mp-header__title-meaning “La Famille d'Imran”
    10px  span.shrink-0.text-[0.6rem].font-bold “HAFS”
    10.21px  div.flex.h-7.w-7 “1”
    10px  span.flex.items-center.gap-1 “مكية 7 آية”
    10px  span.inline-flex.items-center.text-[0.64rem] “مكية”
(mots cliquables <44: 60, plus petit 18.7px)

## ar-dark / read-page @ 390px  [app=reading theme=dark dir=rtl root=15.063px]
tiny text (40) ::
    10px  span.shrink-0.text-[0.6rem].font-bold “HAFS”
    10.24px  div.flex.h-7.w-7 “1”
    10px  span.flex.items-center.gap-1 “مكية 7 آية”
    10px  span.inline-flex.items-center.text-[0.64rem] “مكية”
    10.24px  div.flex.h-7.w-7 “2”
    10px  span.flex.items-center.gap-1 “مدنية 286 آية”
(mots cliquables <44: 60, plus petit 18.7px)

## ar-dark / read-page @ 414px  [app=reading theme=dark dir=rtl root=15.1038px]
tiny text (40) ::
    10px  span.shrink-0.text-[0.6rem].font-bold “HAFS”
    10.27px  div.flex.h-7.w-7 “1”
    10px  span.flex.items-center.gap-1 “مكية 7 آية”
    10px  span.inline-flex.items-center.text-[0.64rem] “مكية”
    10.27px  div.flex.h-7.w-7 “2”
    10px  span.flex.items-center.gap-1 “مدنية 286 آية”
(mots cliquables <44: 60, plus petit 18.7px)

## ar-dark / read-page @ 768px  [app=reading theme=dark dir=rtl root=15.7056px]
tiny text (40) ::
    10.37px  span.shrink-0.text-[0.6rem].font-bold “HAFS”
    10.37px  span.flex.items-center.gap-1 “مكية 7 آية”
    10.37px  span.inline-flex.items-center.text-[0.64rem] “مكية”
    10.37px  span.flex.items-center.gap-1 “مدنية 286 آية”
    10.37px  span.inline-flex.items-center.text-[0.64rem] “مدنية”
    10.37px  span.flex.items-center.gap-1 “مدنية 200 آية”
(mots cliquables <44: 60, plus petit 21.3px)

## ar-dark / read-page @ 1024px  [app=reading theme=dark dir=rtl root=16.1408px]
tiny text (8) ::
    10.01px  span.mp-footer-v2__verse-ref “الذاريات · ٥١:٥٦”
    10.01px  span. “MUSHAFPLUS”
    10.01px  span. “حول التطبيق”
    10.01px  span. “الخصوصية”
    10.01px  span. “إشعار قانوني”
    10.01px  span. “المصادر”
(mots cliquables <44: 60, plus petit 23.0px)

## ar-dark / read-page @ 1280px  [app=reading theme=dark dir=rtl root=16.576px]
tiny text (8) ::
    10.28px  span.mp-footer-v2__verse-ref “الذاريات · ٥١:٥٦”
    10.28px  span. “MUSHAFPLUS”
    10.28px  span. “حول التطبيق”
    10.28px  span. “الخصوصية”
    10.28px  span. “إشعار قانوني”
    10.28px  span. “المصادر”
(mots cliquables <44: 55, plus petit 29.3px)

## ar-dark / read-page @ 1440px  [app=reading theme=dark dir=rtl root=16.848px]
tiny text (8) ::
    10.45px  span.mp-footer-v2__verse-ref “الذاريات · ٥١:٥٦”
    10.45px  span. “MUSHAFPLUS”
    10.45px  span. “حول التطبيق”
    10.45px  span. “الخصوصية”
    10.45px  span. “إشعار قانوني”
    10.45px  span. “المصادر”
(mots cliquables <44: 55, plus petit 29.3px)

## ar-dark / read-page @ 1920px  [app=reading theme=dark dir=rtl root=17px]
(mots cliquables <44: 55, plus petit 29.3px)

## ar-dark / read-juz @ 280px  [app=reading theme=dark dir=rtl root=15px]
tiny text (40) ::
    10px  span.shrink-0.text-[0.6rem].font-bold “HAFS”
    10.2px  div.flex.h-7.w-7 “1”
    10px  span.flex.items-center.gap-1 “مكية 7 آية”
    10px  span.inline-flex.items-center.text-[0.64rem] “مكية”
    10.2px  div.flex.h-7.w-7 “2”
    10px  span.flex.items-center.gap-1 “مدنية 286 آية”
(mots cliquables <44: 60, plus petit 16.0px)

## ar-dark / read-juz @ 320px  [app=reading theme=dark dir=rtl root=15px]
tiny text (40) ::
    10px  span.shrink-0.text-[0.6rem].font-bold “HAFS”
    10.2px  div.flex.h-7.w-7 “1”
    10px  span.flex.items-center.gap-1 “مكية 7 آية”
    10px  span.inline-flex.items-center.text-[0.64rem] “مكية”
    10.2px  div.flex.h-7.w-7 “2”
    10px  span.flex.items-center.gap-1 “مدنية 286 آية”
(mots cliquables <44: 60, plus petit 16.0px)

## ar-dark / read-juz @ 360px  [app=reading theme=dark dir=rtl root=15.012px]
tiny text (40) ::
    10px  span.shrink-0.text-[0.6rem].font-bold “HAFS”
    10.21px  div.flex.h-7.w-7 “1”
    10px  span.flex.items-center.gap-1 “مكية 7 آية”
    10px  span.inline-flex.items-center.text-[0.64rem] “مكية”
    10.21px  div.flex.h-7.w-7 “2”
    10px  span.flex.items-center.gap-1 “مدنية 286 آية”
(mots cliquables <44: 60, plus petit 17.6px)

## ar-dark / read-juz @ 390px  [app=reading theme=dark dir=rtl root=15.063px]
tiny text (40) ::
    10px  span.shrink-0.text-[0.6rem].font-bold “HAFS”
    10.24px  div.flex.h-7.w-7 “1”
    10px  span.flex.items-center.gap-1 “مكية 7 آية”
    10px  span.inline-flex.items-center.text-[0.64rem] “مكية”
    10.24px  div.flex.h-7.w-7 “2”
    10px  span.flex.items-center.gap-1 “مدنية 286 آية”
(mots cliquables <44: 60, plus petit 17.6px)

## ar-dark / read-juz @ 414px  [app=reading theme=dark dir=rtl root=15.1038px]
tiny text (40) ::
    10px  span.shrink-0.text-[0.6rem].font-bold “HAFS”
    10.27px  div.flex.h-7.w-7 “1”
    10px  span.flex.items-center.gap-1 “مكية 7 آية”
    10px  span.inline-flex.items-center.text-[0.64rem] “مكية”
    10.27px  div.flex.h-7.w-7 “2”
    10px  span.flex.items-center.gap-1 “مدنية 286 آية”
(mots cliquables <44: 60, plus petit 17.6px)

## ar-dark / read-juz @ 768px  [app=reading theme=dark dir=rtl root=15.7056px]
clipped-x (10) ::
    -2px  button.qc-list-card__reference “2:253”
    -2px  button.qc-list-card__reference “2:254”
    -2px  button.qc-list-card__reference “2:255”
    -2px  button.qc-list-card__reference “2:256”
    -2px  button.qc-list-card__reference “2:257”
    -2px  button.qc-list-card__reference “2:258”
tiny text (40) ::
    10.37px  span.shrink-0.text-[0.6rem].font-bold “HAFS”
    10.37px  span.flex.items-center.gap-1 “مكية 7 آية”
    10.37px  span.inline-flex.items-center.text-[0.64rem] “مكية”
    10.37px  span.flex.items-center.gap-1 “مدنية 286 آية”
    10.37px  span.inline-flex.items-center.text-[0.64rem] “مدنية”
    10.37px  span.flex.items-center.gap-1 “مدنية 200 آية”
(mots cliquables <44: 60, plus petit 20.4px)

## ar-dark / read-juz @ 1024px  [app=reading theme=dark dir=rtl root=16.1408px]
clipped-x (10) ::
    -3px  button.qc-list-card__reference “2:253”
    -3px  button.qc-list-card__reference “2:254”
    -3px  button.qc-list-card__reference “2:255”
    -3px  button.qc-list-card__reference “2:256”
    -3px  button.qc-list-card__reference “2:257”
    -3px  button.qc-list-card__reference “2:258”
tiny text (8) ::
    10.01px  span.mp-footer-v2__verse-ref “الذاريات · ٥١:٥٦”
    10.01px  span. “MUSHAFPLUS”
    10.01px  span. “حول التطبيق”
    10.01px  span. “الخصوصية”
    10.01px  span. “إشعار قانوني”
    10.01px  span. “المصادر”
(mots cliquables <44: 60, plus petit 22.0px)

## ar-dark / read-juz @ 1280px  [app=reading theme=dark dir=rtl root=16.576px]
clipped-x (10) ::
    -3px  button.qc-list-card__reference “2:253”
    -3px  button.qc-list-card__reference “2:254”
    -3px  button.qc-list-card__reference “2:255”
    -3px  button.qc-list-card__reference “2:256”
    -3px  button.qc-list-card__reference “2:257”
    -3px  button.qc-list-card__reference “2:258”
tiny text (8) ::
    10.28px  span.mp-footer-v2__verse-ref “الذاريات · ٥١:٥٦”
    10.28px  span. “MUSHAFPLUS”
    10.28px  span. “حول التطبيق”
    10.28px  span. “الخصوصية”
    10.28px  span. “إشعار قانوني”
    10.28px  span. “المصادر”
(mots cliquables <44: 60, plus petit 28.1px)

## ar-dark / read-juz @ 1440px  [app=reading theme=dark dir=rtl root=16.848px]
clipped-x (10) ::
    -4px  button.qc-list-card__reference “2:253”
    -4px  button.qc-list-card__reference “2:254”
    -4px  button.qc-list-card__reference “2:255”
    -4px  button.qc-list-card__reference “2:256”
    -4px  button.qc-list-card__reference “2:257”
    -4px  button.qc-list-card__reference “2:258”
tiny text (8) ::
    10.45px  span.mp-footer-v2__verse-ref “الذاريات · ٥١:٥٦”
    10.45px  span. “MUSHAFPLUS”
    10.45px  span. “حول التطبيق”
    10.45px  span. “الخصوصية”
    10.45px  span. “إشعار قانوني”
    10.45px  span. “المصادر”
(mots cliquables <44: 60, plus petit 28.1px)

## ar-dark / read-juz @ 1920px  [app=reading theme=dark dir=rtl root=17px]
clipped-x (10) ::
    -4px  button.qc-list-card__reference “2:253”
    -4px  button.qc-list-card__reference “2:254”
    -4px  button.qc-list-card__reference “2:255”
    -4px  button.qc-list-card__reference “2:256”
    -4px  button.qc-list-card__reference “2:257”
    -4px  button.qc-list-card__reference “2:258”
(mots cliquables <44: 60, plus petit 28.1px)

## ar-dark / fullscreen @ 280px  [app=reading theme=dark dir=rtl root=15px]
targets<44 (54) ::
    21.9x29  span.qcm-word “ﱁ”
    25.6x29  span.qcm-word “ﱃ”
    54.6x29  span.qcm-word “ﱄ”
    10.1x29  span.qcm-word “ﱅ”
    25x29  span.qcm-word “ﱆﱇ”
    19.7x29  span.qcm-word “ﱈﱉ”
    35.4x29  span.qcm-word “ﱊ”
    37.4x29  span.qcm-word “ﱋ”
    22.9x29  span.qcm-word “ﱍ”
    31.2x29  span.qcm-word “ﱎ”
tiny text (40) ::
    9.9px  span.mp-header__title-transliteration “Al-Baqara”
    9.9px  span.mp-header__title-meaning “La Vache”
    10px  span.shrink-0.text-[0.6rem].font-bold “HAFS”
    10.2px  div.flex.h-7.w-7 “1”
    10px  span.flex.items-center.gap-1 “مكية 7 آية”
    10px  span.inline-flex.items-center.text-[0.64rem] “مكية”
(mots cliquables <44: 6, plus petit 7.9px)

## ar-dark / fullscreen @ 320px  [app=reading theme=dark dir=rtl root=15px]
targets<44 (54) ::
    26.5x29  span.qcm-word “ﱁ”
    30.9x29  span.qcm-word “ﱃ”
    66x29  span.qcm-word “ﱄ”
    12.1x29  span.qcm-word “ﱅ”
    30.3x29  span.qcm-word “ﱆﱇ”
    23.8x29  span.qcm-word “ﱈﱉ”
    42.7x29  span.qcm-word “ﱊ”
    45.1x29  span.qcm-word “ﱋ”
    27.6x29  span.qcm-word “ﱍ”
    37.7x29  span.qcm-word “ﱎ”
tiny text (40) ::
    9.9px  span.mp-header__title-transliteration “Al-Baqara”
    9.9px  span.mp-header__title-meaning “La Vache”
    10px  span.shrink-0.text-[0.6rem].font-bold “HAFS”
    10.2px  div.flex.h-7.w-7 “1”
    10px  span.flex.items-center.gap-1 “مكية 7 آية”
    10px  span.inline-flex.items-center.text-[0.64rem] “مكية”
(mots cliquables <44: 6, plus petit 8.0px)

## ar-dark / fullscreen @ 360px  [app=reading theme=dark dir=rtl root=15.012px]
targets<44 (54) ::
    30.8x29  span.qcm-word “ﱁ”
    35.9x29  span.qcm-word “ﱃ”
    76.8x29  span.qcm-word “ﱄ”
    14.1x29  span.qcm-word “ﱅ”
    35.2x29  span.qcm-word “ﱆﱇ”
    27.7x29  span.qcm-word “ﱈﱉ”
    49.7x29  span.qcm-word “ﱊ”
    52.9x29  span.qcm-word “ﱋ”
    32.4x29  span.qcm-word “ﱍ”
    44.2x29  span.qcm-word “ﱎ”
tiny text (40) ::
    9.91px  span.mp-header__title-transliteration “Al-Baqara”
    9.91px  span.mp-header__title-meaning “La Vache”
    10px  span.shrink-0.text-[0.6rem].font-bold “HAFS”
    10.21px  div.flex.h-7.w-7 “1”
    10px  span.flex.items-center.gap-1 “مكية 7 آية”
    10px  span.inline-flex.items-center.text-[0.64rem] “مكية”
(mots cliquables <44: 6, plus petit 9.3px)

## ar-dark / fullscreen @ 390px  [app=reading theme=dark dir=rtl root=15.063px]
targets<44 (54) ::
    30.8x29  span.qcm-word “ﱁ”
    35.9x29  span.qcm-word “ﱃ”
    76.8x29  span.qcm-word “ﱄ”
    14.1x29  span.qcm-word “ﱅ”
    35.2x29  span.qcm-word “ﱆﱇ”
    27.7x29  span.qcm-word “ﱈﱉ”
    49.7x29  span.qcm-word “ﱊ”
    58.7x29  span.qcm-word “ﱋ”
    35.9x29  span.qcm-word “ﱍ”
    49x29  span.qcm-word “ﱎ”
tiny text (40) ::
    10px  span.shrink-0.text-[0.6rem].font-bold “HAFS”
    10.24px  div.flex.h-7.w-7 “1”
    10px  span.flex.items-center.gap-1 “مكية 7 آية”
    10px  span.inline-flex.items-center.text-[0.64rem] “مكية”
    10.24px  div.flex.h-7.w-7 “2”
    10px  span.flex.items-center.gap-1 “مدنية 286 آية”
(mots cliquables <44: 6, plus petit 10.3px)

## ar-dark / fullscreen @ 414px  [app=reading theme=dark dir=rtl root=15.1038px]
targets<44 (54) ::
    30.8x29  span.qcm-word “ﱁ”
    35.9x29  span.qcm-word “ﱃ”
    76.8x29  span.qcm-word “ﱄ”
    14.1x29  span.qcm-word “ﱅ”
    35.2x29  span.qcm-word “ﱆﱇ”
    27.7x29  span.qcm-word “ﱈﱉ”
    49.7x29  span.qcm-word “ﱊ”
    63.3x29  span.qcm-word “ﱋ”
    38.8x29  span.qcm-word “ﱍ”
    52.9x29  span.qcm-word “ﱎ”
tiny text (40) ::
    10px  span.shrink-0.text-[0.6rem].font-bold “HAFS”
    10.27px  div.flex.h-7.w-7 “1”
    10px  span.flex.items-center.gap-1 “مكية 7 آية”
    10px  span.inline-flex.items-center.text-[0.64rem] “مكية”
    10.27px  div.flex.h-7.w-7 “2”
    10px  span.flex.items-center.gap-1 “مدنية 286 آية”
(mots cliquables <44: 6, plus petit 11.1px)

## ar-dark / fullscreen @ 768px  [app=reading theme=dark dir=rtl root=15.7056px]
targets<44 (54) ::
    35x33  span.qcm-word “ﱁ”
    40.9x33  span.qcm-word “ﱃ”
    87.4x33  span.qcm-word “ﱄ”
    16.1x33  span.qcm-word “ﱅ”
    40.1x33  span.qcm-word “ﱆﱇ”
    31.6x33  span.qcm-word “ﱈﱉ”
    56.6x33  span.qcm-word “ﱊ”
    76.8x33  span.qcm-word “ﱋ”
    47x33  span.qcm-word “ﱍ”
    64.1x33  span.qcm-word “ﱎ”
tiny text (40) ::
    10.37px  span.shrink-0.text-[0.6rem].font-bold “HAFS”
    10.37px  span.flex.items-center.gap-1 “مكية 7 آية”
    10.37px  span.inline-flex.items-center.text-[0.64rem] “مكية”
    10.37px  span.flex.items-center.gap-1 “مدنية 286 آية”
    10.37px  span.inline-flex.items-center.text-[0.64rem] “مدنية”
    10.37px  span.flex.items-center.gap-1 “مدنية 200 آية”
(mots cliquables <44: 6, plus petit 18.5px)

## ar-dark / fullscreen @ 1024px  [app=reading theme=dark dir=rtl root=16.1408px]
targets<44 (54) ::
    39.3x37  span.qcm-word “ﱁ”
    45.8x37  span.qcm-word “ﱃ”
    98x37  span.qcm-word “ﱄ”
    18x37  span.qcm-word “ﱅ”
    44.9x37  span.qcm-word “ﱆﱇ”
    35.4x37  span.qcm-word “ﱈﱉ”
    63.4x37  span.qcm-word “ﱊ”
    86.1x37  span.qcm-word “ﱋ”
    52.8x37  span.qcm-word “ﱍ”
    71.9x37  span.qcm-word “ﱎ”
tiny text (8) ::
    10.01px  span.mp-footer-v2__verse-ref “الذاريات · ٥١:٥٦”
    10.01px  span. “MUSHAFPLUS”
    10.01px  span. “حول التطبيق”
    10.01px  span. “الخصوصية”
    10.01px  span. “إشعار قانوني”
    10.01px  span. “المصادر”
(mots cliquables <44: 6, plus petit 20.8px)

## ar-dark / fullscreen @ 1280px  [app=reading theme=dark dir=rtl root=16.576px]
targets<44 (54) ::
    42.5x40  span.qcm-word “ﱁ”
    49.6x40  span.qcm-word “ﱃ”
    106x40  span.qcm-word “ﱄ”
    19.5x40  span.qcm-word “ﱅ”
    48.5x40  span.qcm-word “ﱆﱇ”
    38.3x40  span.qcm-word “ﱈﱉ”
    68.6x40  span.qcm-word “ﱊ”
    93.1x40  span.qcm-word “ﱋ”
    57x40  span.qcm-word “ﱍ”
    77.7x40  span.qcm-word “ﱎ”
tiny text (8) ::
    10.28px  span.mp-footer-v2__verse-ref “الذاريات · ٥١:٥٦”
    10.28px  span. “MUSHAFPLUS”
    10.28px  span. “حول التطبيق”
    10.28px  span. “الخصوصية”
    10.28px  span. “إشعار قانوني”
    10.28px  span. “المصادر”
(mots cliquables <44: 6, plus petit 22.5px)

## ar-dark / fullscreen @ 1440px  [app=reading theme=dark dir=rtl root=16.848px]
targets<44 (54) ::
    42.5x40  span.qcm-word “ﱁ”
    49.6x40  span.qcm-word “ﱃ”
    106x40  span.qcm-word “ﱄ”
    19.5x40  span.qcm-word “ﱅ”
    48.5x40  span.qcm-word “ﱆﱇ”
    38.3x40  span.qcm-word “ﱈﱉ”
    68.6x40  span.qcm-word “ﱊ”
    93.1x40  span.qcm-word “ﱋ”
    57x40  span.qcm-word “ﱍ”
    77.7x40  span.qcm-word “ﱎ”
tiny text (8) ::
    10.45px  span.mp-footer-v2__verse-ref “الذاريات · ٥١:٥٦”
    10.45px  span. “MUSHAFPLUS”
    10.45px  span. “حول التطبيق”
    10.45px  span. “الخصوصية”
    10.45px  span. “إشعار قانوني”
    10.45px  span. “المصادر”
(mots cliquables <44: 6, plus petit 22.5px)

## ar-dark / fullscreen @ 1920px  [app=reading theme=dark dir=rtl root=17px]
targets<44 (54) ::
    42.5x40  span.qcm-word “ﱁ”
    49.6x40  span.qcm-word “ﱃ”
    106x40  span.qcm-word “ﱄ”
    19.5x40  span.qcm-word “ﱅ”
    48.5x40  span.qcm-word “ﱆﱇ”
    38.3x40  span.qcm-word “ﱈﱉ”
    68.6x40  span.qcm-word “ﱊ”
    93.1x40  span.qcm-word “ﱋ”
    57x40  span.qcm-word “ﱍ”
    77.7x40  span.qcm-word “ﱎ”
(mots cliquables <44: 6, plus petit 22.5px)

## ar-dark / search @ 280px  [app=reading theme=dark dir=rtl root=15px]
tiny text (40) ::
    9.9px  span.mp-header__title-transliteration “Al-Baqara”
    9.9px  span.mp-header__title-meaning “La Vache”
    10px  span.shrink-0.text-[0.6rem].font-bold “HAFS”
    10.2px  div.flex.h-7.w-7 “1”
    10px  span.flex.items-center.gap-1 “مكية 7 آية”
    10px  span.inline-flex.items-center.text-[0.64rem] “مكية”
(mots cliquables <44: 52, plus petit 17.0px)

## ar-dark / search @ 320px  [app=reading theme=dark dir=rtl root=15px]
tiny text (40) ::
    9.9px  span.mp-header__title-transliteration “Al-Baqara”
    9.9px  span.mp-header__title-meaning “La Vache”
    10px  span.shrink-0.text-[0.6rem].font-bold “HAFS”
    10.2px  div.flex.h-7.w-7 “1”
    10px  span.flex.items-center.gap-1 “مكية 7 آية”
    10px  span.inline-flex.items-center.text-[0.64rem] “مكية”
(mots cliquables <44: 52, plus petit 17.0px)

## ar-dark / search @ 360px  [app=reading theme=dark dir=rtl root=15.012px]
tiny text (40) ::
    9.91px  span.mp-header__title-transliteration “Al-Baqara”
    9.91px  span.mp-header__title-meaning “La Vache”
    10px  span.shrink-0.text-[0.6rem].font-bold “HAFS”
    10.21px  div.flex.h-7.w-7 “1”
    10px  span.flex.items-center.gap-1 “مكية 7 آية”
    10px  span.inline-flex.items-center.text-[0.64rem] “مكية”
(mots cliquables <44: 45, plus petit 18.7px)

## ar-dark / search @ 390px  [app=reading theme=dark dir=rtl root=15.063px]
tiny text (40) ::
    10px  span.shrink-0.text-[0.6rem].font-bold “HAFS”
    10.24px  div.flex.h-7.w-7 “1”
    10px  span.flex.items-center.gap-1 “مكية 7 آية”
    10px  span.inline-flex.items-center.text-[0.64rem] “مكية”
    10.24px  div.flex.h-7.w-7 “2”
    10px  span.flex.items-center.gap-1 “مدنية 286 آية”
(mots cliquables <44: 45, plus petit 18.7px)

## ar-dark / search @ 414px  [app=reading theme=dark dir=rtl root=15.1038px]
tiny text (40) ::
    10px  span.shrink-0.text-[0.6rem].font-bold “HAFS”
    10.27px  div.flex.h-7.w-7 “1”
    10px  span.flex.items-center.gap-1 “مكية 7 آية”
    10px  span.inline-flex.items-center.text-[0.64rem] “مكية”
    10.27px  div.flex.h-7.w-7 “2”
    10px  span.flex.items-center.gap-1 “مدنية 286 آية”
(mots cliquables <44: 45, plus petit 18.7px)

## ar-dark / search @ 768px  [app=reading theme=dark dir=rtl root=15.7056px]
tiny text (40) ::
    10.37px  span.shrink-0.text-[0.6rem].font-bold “HAFS”
    10.37px  span.flex.items-center.gap-1 “مكية 7 آية”
    10.37px  span.inline-flex.items-center.text-[0.64rem] “مكية”
    10.37px  span.flex.items-center.gap-1 “مدنية 286 آية”
    10.37px  span.inline-flex.items-center.text-[0.64rem] “مدنية”
    10.37px  span.flex.items-center.gap-1 “مدنية 200 آية”
(mots cliquables <44: 36, plus petit 21.6px)

## ar-dark / search @ 1024px  [app=reading theme=dark dir=rtl root=16.1408px]
tiny text (8) ::
    10.01px  span.mp-footer-v2__verse-ref “الذاريات · ٥١:٥٦”
    10.01px  span. “MUSHAFPLUS”
    10.01px  span. “حول التطبيق”
    10.01px  span. “الخصوصية”
    10.01px  span. “إشعار قانوني”
    10.01px  span. “المصادر”
(mots cliquables <44: 35, plus petit 23.4px)

## ar-dark / search @ 1280px  [app=reading theme=dark dir=rtl root=16.576px]
tiny text (8) ::
    10.28px  span.mp-footer-v2__verse-ref “الذاريات · ٥١:٥٦”
    10.28px  span. “MUSHAFPLUS”
    10.28px  span. “حول التطبيق”
    10.28px  span. “الخصوصية”
    10.28px  span. “إشعار قانوني”
    10.28px  span. “المصادر”
(mots cliquables <44: 18, plus petit 29.8px)

## ar-dark / search @ 1440px  [app=reading theme=dark dir=rtl root=16.848px]
tiny text (8) ::
    10.45px  span.mp-footer-v2__verse-ref “الذاريات · ٥١:٥٦”
    10.45px  span. “MUSHAFPLUS”
    10.45px  span. “حول التطبيق”
    10.45px  span. “الخصوصية”
    10.45px  span. “إشعار قانوني”
    10.45px  span. “المصادر”
(mots cliquables <44: 18, plus petit 29.8px)

## ar-dark / search @ 1920px  [app=reading theme=dark dir=rtl root=17px]
(mots cliquables <44: 18, plus petit 29.8px)

## ar-dark / library @ 280px  [app=reading theme=dark dir=rtl root=15px]
tiny text (40) ::
    9.9px  span.mp-header__title-transliteration “Al-Baqara”
    9.9px  span.mp-header__title-meaning “La Vache”
    10px  span.shrink-0.text-[0.6rem].font-bold “HAFS”
    10.2px  div.flex.h-7.w-7 “1”
    10px  span.flex.items-center.gap-1 “مكية 7 آية”
    10px  span.inline-flex.items-center.text-[0.64rem] “مكية”
(mots cliquables <44: 52, plus petit 17.0px)

## ar-dark / library @ 320px  [app=reading theme=dark dir=rtl root=15px]
tiny text (40) ::
    9.9px  span.mp-header__title-transliteration “Al-Baqara”
    9.9px  span.mp-header__title-meaning “La Vache”
    10px  span.shrink-0.text-[0.6rem].font-bold “HAFS”
    10.2px  div.flex.h-7.w-7 “1”
    10px  span.flex.items-center.gap-1 “مكية 7 آية”
    10px  span.inline-flex.items-center.text-[0.64rem] “مكية”
(mots cliquables <44: 52, plus petit 17.0px)

## ar-dark / library @ 360px  [app=reading theme=dark dir=rtl root=15.012px]
tiny text (40) ::
    9.91px  span.mp-header__title-transliteration “Al-Baqara”
    9.91px  span.mp-header__title-meaning “La Vache”
    10px  span.shrink-0.text-[0.6rem].font-bold “HAFS”
    10.21px  div.flex.h-7.w-7 “1”
    10px  span.flex.items-center.gap-1 “مكية 7 آية”
    10px  span.inline-flex.items-center.text-[0.64rem] “مكية”
(mots cliquables <44: 45, plus petit 18.7px)

## ar-dark / library @ 390px  [app=reading theme=dark dir=rtl root=15.063px]
tiny text (40) ::
    10px  span.shrink-0.text-[0.6rem].font-bold “HAFS”
    10.24px  div.flex.h-7.w-7 “1”
    10px  span.flex.items-center.gap-1 “مكية 7 آية”
    10px  span.inline-flex.items-center.text-[0.64rem] “مكية”
    10.24px  div.flex.h-7.w-7 “2”
    10px  span.flex.items-center.gap-1 “مدنية 286 آية”
(mots cliquables <44: 45, plus petit 18.7px)

## ar-dark / library @ 414px  [app=reading theme=dark dir=rtl root=15.1038px]
tiny text (40) ::
    10px  span.shrink-0.text-[0.6rem].font-bold “HAFS”
    10.27px  div.flex.h-7.w-7 “1”
    10px  span.flex.items-center.gap-1 “مكية 7 آية”
    10px  span.inline-flex.items-center.text-[0.64rem] “مكية”
    10.27px  div.flex.h-7.w-7 “2”
    10px  span.flex.items-center.gap-1 “مدنية 286 آية”
(mots cliquables <44: 45, plus petit 18.7px)

## ar-dark / library @ 768px  [app=reading theme=dark dir=rtl root=15.7056px]
tiny text (40) ::
    10.37px  span.shrink-0.text-[0.6rem].font-bold “HAFS”
    10.37px  span.flex.items-center.gap-1 “مكية 7 آية”
    10.37px  span.inline-flex.items-center.text-[0.64rem] “مكية”
    10.37px  span.flex.items-center.gap-1 “مدنية 286 آية”
    10.37px  span.inline-flex.items-center.text-[0.64rem] “مدنية”
    10.37px  span.flex.items-center.gap-1 “مدنية 200 آية”
(mots cliquables <44: 36, plus petit 21.6px)

## ar-dark / library @ 1024px  [app=reading theme=dark dir=rtl root=16.1408px]
tiny text (8) ::
    10.01px  span.mp-footer-v2__verse-ref “الذاريات · ٥١:٥٦”
    10.01px  span. “MUSHAFPLUS”
    10.01px  span. “حول التطبيق”
    10.01px  span. “الخصوصية”
    10.01px  span. “إشعار قانوني”
    10.01px  span. “المصادر”
(mots cliquables <44: 35, plus petit 23.4px)

## ar-dark / library @ 1280px  [app=reading theme=dark dir=rtl root=16.576px]
tiny text (8) ::
    10.28px  span.mp-footer-v2__verse-ref “الذاريات · ٥١:٥٦”
    10.28px  span. “MUSHAFPLUS”
    10.28px  span. “حول التطبيق”
    10.28px  span. “الخصوصية”
    10.28px  span. “إشعار قانوني”
    10.28px  span. “المصادر”
(mots cliquables <44: 18, plus petit 29.8px)

## ar-dark / library @ 1440px  [app=reading theme=dark dir=rtl root=16.848px]
tiny text (8) ::
    10.45px  span.mp-footer-v2__verse-ref “الذاريات · ٥١:٥٦”
    10.45px  span. “MUSHAFPLUS”
    10.45px  span. “حول التطبيق”
    10.45px  span. “الخصوصية”
    10.45px  span. “إشعار قانوني”
    10.45px  span. “المصادر”
(mots cliquables <44: 18, plus petit 29.8px)

## ar-dark / library @ 1920px  [app=reading theme=dark dir=rtl root=17px]
(mots cliquables <44: 18, plus petit 29.8px)

## ar-dark / settings @ 280px  [app=reading theme=dark dir=rtl root=15px]
tiny text (40) ::
    9.9px  span.mp-header__title-transliteration “Al-Baqara”
    9.9px  span.mp-header__title-meaning “La Vache”
    10px  span.shrink-0.text-[0.6rem].font-bold “HAFS”
    10.2px  div.flex.h-7.w-7 “1”
    10px  span.flex.items-center.gap-1 “مكية 7 آية”
    10px  span.inline-flex.items-center.text-[0.64rem] “مكية”
(mots cliquables <44: 52, plus petit 17.0px)

## ar-dark / settings @ 320px  [app=reading theme=dark dir=rtl root=15px]
tiny text (40) ::
    9.9px  span.mp-header__title-transliteration “Al-Baqara”
    9.9px  span.mp-header__title-meaning “La Vache”
    10px  span.shrink-0.text-[0.6rem].font-bold “HAFS”
    10.2px  div.flex.h-7.w-7 “1”
    10px  span.flex.items-center.gap-1 “مكية 7 آية”
    10px  span.inline-flex.items-center.text-[0.64rem] “مكية”
(mots cliquables <44: 52, plus petit 17.0px)

## ar-dark / settings @ 360px  [app=reading theme=dark dir=rtl root=15.012px]
tiny text (40) ::
    9.91px  span.mp-header__title-transliteration “Al-Baqara”
    9.91px  span.mp-header__title-meaning “La Vache”
    10px  span.shrink-0.text-[0.6rem].font-bold “HAFS”
    10.21px  div.flex.h-7.w-7 “1”
    10px  span.flex.items-center.gap-1 “مكية 7 آية”
    10px  span.inline-flex.items-center.text-[0.64rem] “مكية”
(mots cliquables <44: 45, plus petit 18.7px)

## ar-dark / settings @ 390px  [app=reading theme=dark dir=rtl root=15.063px]
tiny text (40) ::
    10px  span.shrink-0.text-[0.6rem].font-bold “HAFS”
    10.24px  div.flex.h-7.w-7 “1”
    10px  span.flex.items-center.gap-1 “مكية 7 آية”
    10px  span.inline-flex.items-center.text-[0.64rem] “مكية”
    10.24px  div.flex.h-7.w-7 “2”
    10px  span.flex.items-center.gap-1 “مدنية 286 آية”
(mots cliquables <44: 45, plus petit 18.7px)

## ar-dark / settings @ 414px  [app=reading theme=dark dir=rtl root=15.1038px]
tiny text (40) ::
    10px  span.shrink-0.text-[0.6rem].font-bold “HAFS”
    10.27px  div.flex.h-7.w-7 “1”
    10px  span.flex.items-center.gap-1 “مكية 7 آية”
    10px  span.inline-flex.items-center.text-[0.64rem] “مكية”
    10.27px  div.flex.h-7.w-7 “2”
    10px  span.flex.items-center.gap-1 “مدنية 286 آية”
(mots cliquables <44: 45, plus petit 18.7px)

## ar-dark / settings @ 768px  [app=reading theme=dark dir=rtl root=15.7056px]
tiny text (40) ::
    10.37px  span.shrink-0.text-[0.6rem].font-bold “HAFS”
    10.37px  span.flex.items-center.gap-1 “مكية 7 آية”
    10.37px  span.inline-flex.items-center.text-[0.64rem] “مكية”
    10.37px  span.flex.items-center.gap-1 “مدنية 286 آية”
    10.37px  span.inline-flex.items-center.text-[0.64rem] “مدنية”
    10.37px  span.flex.items-center.gap-1 “مدنية 200 آية”
(mots cliquables <44: 36, plus petit 21.6px)

## ar-dark / settings @ 1024px  [app=reading theme=dark dir=rtl root=16.1408px]
tiny text (11) ::
    10.01px  span.mp-footer-v2__verse-ref “الذاريات · ٥١:٥٦”
    10.01px  span. “MUSHAFPLUS”
    10.01px  span. “حول التطبيق”
    10.01px  span. “الخصوصية”
    10.01px  span. “إشعار قانوني”
    10.01px  span. “المصادر”
(mots cliquables <44: 35, plus petit 23.4px)

## ar-dark / settings @ 1280px  [app=reading theme=dark dir=rtl root=16.576px]
tiny text (11) ::
    10.28px  span.mp-footer-v2__verse-ref “الذاريات · ٥١:٥٦”
    10.28px  span. “MUSHAFPLUS”
    10.28px  span. “حول التطبيق”
    10.28px  span. “الخصوصية”
    10.28px  span. “إشعار قانوني”
    10.28px  span. “المصادر”
(mots cliquables <44: 18, plus petit 29.8px)

## ar-dark / settings @ 1440px  [app=reading theme=dark dir=rtl root=16.848px]
tiny text (11) ::
    10.45px  span.mp-footer-v2__verse-ref “الذاريات · ٥١:٥٦”
    10.45px  span. “MUSHAFPLUS”
    10.45px  span. “حول التطبيق”
    10.45px  span. “الخصوصية”
    10.45px  span. “إشعار قانوني”
    10.45px  span. “المصادر”
(mots cliquables <44: 18, plus petit 29.8px)

## ar-dark / settings @ 1920px  [app=reading theme=dark dir=rtl root=17px]
(mots cliquables <44: 18, plus petit 29.8px)

## ar-dark / sidebar @ 280px  [app=reading theme=dark dir=rtl root=15px]
tiny text (40) ::
    9.9px  span.mp-header__title-transliteration “Al-Baqara”
    9.9px  span.mp-header__title-meaning “La Vache”
    10px  span.shrink-0.text-[0.6rem].font-bold “HAFS”
    10.2px  div.flex.h-7.w-7 “1”
    10px  span.flex.items-center.gap-1 “مكية 7 آية”
    10px  span.inline-flex.items-center.text-[0.64rem] “مكية”
(mots cliquables <44: 18, plus petit 29.8px)

## ar-dark / sidebar @ 320px  [app=reading theme=dark dir=rtl root=15px]
tiny text (40) ::
    9.9px  span.mp-header__title-transliteration “Al-Baqara”
    9.9px  span.mp-header__title-meaning “La Vache”
    10px  span.shrink-0.text-[0.6rem].font-bold “HAFS”
    10.2px  div.flex.h-7.w-7 “1”
    10px  span.flex.items-center.gap-1 “مكية 7 آية”
    10px  span.inline-flex.items-center.text-[0.64rem] “مكية”
(mots cliquables <44: 52, plus petit 17.0px)

## ar-dark / sidebar @ 360px  [app=reading theme=dark dir=rtl root=15.012px]
tiny text (40) ::
    9.91px  span.mp-header__title-transliteration “Al-Baqara”
    9.91px  span.mp-header__title-meaning “La Vache”
    10px  span.shrink-0.text-[0.6rem].font-bold “HAFS”
    10.21px  div.flex.h-7.w-7 “1”
    10px  span.flex.items-center.gap-1 “مكية 7 آية”
    10px  span.inline-flex.items-center.text-[0.64rem] “مكية”
(mots cliquables <44: 45, plus petit 18.7px)

## ar-dark / sidebar @ 390px  [app=reading theme=dark dir=rtl root=15.063px]
tiny text (40) ::
    10px  span.shrink-0.text-[0.6rem].font-bold “HAFS”
    10.24px  div.flex.h-7.w-7 “1”
    10px  span.flex.items-center.gap-1 “مكية 7 آية”
    10px  span.inline-flex.items-center.text-[0.64rem] “مكية”
    10.24px  div.flex.h-7.w-7 “2”
    10px  span.flex.items-center.gap-1 “مدنية 286 آية”
(mots cliquables <44: 45, plus petit 18.7px)

## ar-dark / sidebar @ 414px  [app=reading theme=dark dir=rtl root=15.1038px]
tiny text (40) ::
    10px  span.shrink-0.text-[0.6rem].font-bold “HAFS”
    10.27px  div.flex.h-7.w-7 “1”
    10px  span.flex.items-center.gap-1 “مكية 7 آية”
    10px  span.inline-flex.items-center.text-[0.64rem] “مكية”
    10.27px  div.flex.h-7.w-7 “2”
    10px  span.flex.items-center.gap-1 “مدنية 286 آية”
(mots cliquables <44: 45, plus petit 18.7px)

## ar-dark / sidebar @ 768px  [app=reading theme=dark dir=rtl root=15.7056px]
tiny text (40) ::
    10.37px  span.shrink-0.text-[0.6rem].font-bold “HAFS”
    10.37px  span.flex.items-center.gap-1 “مكية 7 آية”
    10.37px  span.inline-flex.items-center.text-[0.64rem] “مكية”
    10.37px  span.flex.items-center.gap-1 “مدنية 286 آية”
    10.37px  span.inline-flex.items-center.text-[0.64rem] “مدنية”
    10.37px  span.flex.items-center.gap-1 “مدنية 200 آية”
(mots cliquables <44: 36, plus petit 21.6px)

## ar-dark / sidebar @ 1024px  [app=reading theme=dark dir=rtl root=16.1408px]
tiny text (8) ::
    10.01px  span.mp-footer-v2__verse-ref “الرعد · ١٣:٢٨”
    10.01px  span. “MUSHAFPLUS”
    10.01px  span. “حول التطبيق”
    10.01px  span. “الخصوصية”
    10.01px  span. “إشعار قانوني”
    10.01px  span. “المصادر”
(mots cliquables <44: 35, plus petit 23.4px)

## ar-dark / sidebar @ 1280px  [app=reading theme=dark dir=rtl root=16.576px]
tiny text (8) ::
    10.28px  span.mp-footer-v2__verse-ref “الرعد · ١٣:٢٨”
    10.28px  span. “MUSHAFPLUS”
    10.28px  span. “حول التطبيق”
    10.28px  span. “الخصوصية”
    10.28px  span. “إشعار قانوني”
    10.28px  span. “المصادر”
(mots cliquables <44: 18, plus petit 29.8px)

## ar-dark / sidebar @ 1440px  [app=reading theme=dark dir=rtl root=16.848px]
tiny text (8) ::
    10.45px  span.mp-footer-v2__verse-ref “الرعد · ١٣:٢٨”
    10.45px  span. “MUSHAFPLUS”
    10.45px  span. “حول التطبيق”
    10.45px  span. “الخصوصية”
    10.45px  span. “إشعار قانوني”
    10.45px  span. “المصادر”
(mots cliquables <44: 18, plus petit 29.8px)

## ar-dark / sidebar @ 1920px  [app=reading theme=dark dir=rtl root=17px]
(mots cliquables <44: 18, plus petit 29.8px)

## ar-dark / duas @ 280px  [app=duas theme=dark dir=rtl root=15px]
tiny text (40) ::
    10px  span.shrink-0.text-[0.6rem].font-bold “HAFS”
    10.2px  div.flex.h-7.w-7 “1”
    10px  span.flex.items-center.gap-1 “مكية 7 آية”
    10px  span.inline-flex.items-center.text-[0.64rem] “مكية”
    10.2px  div.flex.h-7.w-7 “2”
    10px  span.flex.items-center.gap-1 “مدنية 286 آية”

## ar-dark / duas @ 320px  [app=duas theme=dark dir=rtl root=15px]
tiny text (40) ::
    10px  span.shrink-0.text-[0.6rem].font-bold “HAFS”
    10.2px  div.flex.h-7.w-7 “1”
    10px  span.flex.items-center.gap-1 “مكية 7 آية”
    10px  span.inline-flex.items-center.text-[0.64rem] “مكية”
    10.2px  div.flex.h-7.w-7 “2”
    10px  span.flex.items-center.gap-1 “مدنية 286 آية”

## ar-dark / duas @ 360px  [app=duas theme=dark dir=rtl root=15.012px]
tiny text (40) ::
    10px  span.shrink-0.text-[0.6rem].font-bold “HAFS”
    10.21px  div.flex.h-7.w-7 “1”
    10px  span.flex.items-center.gap-1 “مكية 7 آية”
    10px  span.inline-flex.items-center.text-[0.64rem] “مكية”
    10.21px  div.flex.h-7.w-7 “2”
    10px  span.flex.items-center.gap-1 “مدنية 286 آية”

## ar-dark / duas @ 390px  [app=duas theme=dark dir=rtl root=15.063px]
tiny text (40) ::
    10px  span.shrink-0.text-[0.6rem].font-bold “HAFS”
    10.24px  div.flex.h-7.w-7 “1”
    10px  span.flex.items-center.gap-1 “مكية 7 آية”
    10px  span.inline-flex.items-center.text-[0.64rem] “مكية”
    10.24px  div.flex.h-7.w-7 “2”
    10px  span.flex.items-center.gap-1 “مدنية 286 آية”

## ar-dark / duas @ 414px  [app=duas theme=dark dir=rtl root=15.1038px]
tiny text (40) ::
    10px  span.shrink-0.text-[0.6rem].font-bold “HAFS”
    10.27px  div.flex.h-7.w-7 “1”
    10px  span.flex.items-center.gap-1 “مكية 7 آية”
    10px  span.inline-flex.items-center.text-[0.64rem] “مكية”
    10.27px  div.flex.h-7.w-7 “2”
    10px  span.flex.items-center.gap-1 “مدنية 286 آية”

## ar-dark / duas @ 768px  [app=duas theme=dark dir=rtl root=15.7056px]
tiny text (40) ::
    10.37px  span.shrink-0.text-[0.6rem].font-bold “HAFS”
    10.37px  span.flex.items-center.gap-1 “مكية 7 آية”
    10.37px  span.inline-flex.items-center.text-[0.64rem] “مكية”
    10.37px  span.flex.items-center.gap-1 “مدنية 286 آية”
    10.37px  span.inline-flex.items-center.text-[0.64rem] “مدنية”
    10.37px  span.flex.items-center.gap-1 “مدنية 200 آية”

## ar-dark / duas @ 1024px  [app=duas theme=dark dir=rtl root=16.1408px]
tiny text (8) ::
    10.01px  span.mp-footer-v2__verse-ref “الذاريات · ٥١:٥٦”
    10.01px  span. “MUSHAFPLUS”
    10.01px  span. “حول التطبيق”
    10.01px  span. “الخصوصية”
    10.01px  span. “إشعار قانوني”
    10.01px  span. “المصادر”

## ar-dark / duas @ 1280px  [app=duas theme=dark dir=rtl root=16.576px]
tiny text (8) ::
    10.28px  span.mp-footer-v2__verse-ref “الذاريات · ٥١:٥٦”
    10.28px  span. “MUSHAFPLUS”
    10.28px  span. “حول التطبيق”
    10.28px  span. “الخصوصية”
    10.28px  span. “إشعار قانوني”
    10.28px  span. “المصادر”

## ar-dark / duas @ 1440px  [app=duas theme=dark dir=rtl root=16.848px]
tiny text (8) ::
    10.45px  span.mp-footer-v2__verse-ref “الذاريات · ٥١:٥٦”
    10.45px  span. “MUSHAFPLUS”
    10.45px  span. “حول التطبيق”
    10.45px  span. “الخصوصية”
    10.45px  span. “إشعار قانوني”
    10.45px  span. “المصادر”

## ar-dark / about @ 280px  [app=legal theme=dark dir=rtl root=15px]
tiny text (40) ::
    10px  span.shrink-0.text-[0.6rem].font-bold “HAFS”
    10.2px  div.flex.h-7.w-7 “1”
    10px  span.flex.items-center.gap-1 “مكية 7 آية”
    10px  span.inline-flex.items-center.text-[0.64rem] “مكية”
    10.2px  div.flex.h-7.w-7 “2”
    10px  span.flex.items-center.gap-1 “مدنية 286 آية”

## ar-dark / about @ 320px  [app=legal theme=dark dir=rtl root=15px]
tiny text (40) ::
    10px  span.shrink-0.text-[0.6rem].font-bold “HAFS”
    10.2px  div.flex.h-7.w-7 “1”
    10px  span.flex.items-center.gap-1 “مكية 7 آية”
    10px  span.inline-flex.items-center.text-[0.64rem] “مكية”
    10.2px  div.flex.h-7.w-7 “2”
    10px  span.flex.items-center.gap-1 “مدنية 286 آية”

## ar-dark / about @ 360px  [app=legal theme=dark dir=rtl root=15.012px]
tiny text (40) ::
    10px  span.shrink-0.text-[0.6rem].font-bold “HAFS”
    10.21px  div.flex.h-7.w-7 “1”
    10px  span.flex.items-center.gap-1 “مكية 7 آية”
    10px  span.inline-flex.items-center.text-[0.64rem] “مكية”
    10.21px  div.flex.h-7.w-7 “2”
    10px  span.flex.items-center.gap-1 “مدنية 286 آية”

## ar-dark / about @ 390px  [app=legal theme=dark dir=rtl root=15.063px]
tiny text (40) ::
    10px  span.shrink-0.text-[0.6rem].font-bold “HAFS”
    10.24px  div.flex.h-7.w-7 “1”
    10px  span.flex.items-center.gap-1 “مكية 7 آية”
    10px  span.inline-flex.items-center.text-[0.64rem] “مكية”
    10.24px  div.flex.h-7.w-7 “2”
    10px  span.flex.items-center.gap-1 “مدنية 286 آية”

## ar-dark / about @ 414px  [app=legal theme=dark dir=rtl root=15.1038px]
tiny text (40) ::
    10px  span.shrink-0.text-[0.6rem].font-bold “HAFS”
    10.27px  div.flex.h-7.w-7 “1”
    10px  span.flex.items-center.gap-1 “مكية 7 آية”
    10px  span.inline-flex.items-center.text-[0.64rem] “مكية”
    10.27px  div.flex.h-7.w-7 “2”
    10px  span.flex.items-center.gap-1 “مدنية 286 آية”

## ar-dark / about @ 768px  [app=legal theme=dark dir=rtl root=15.7056px]
tiny text (40) ::
    10.37px  span.shrink-0.text-[0.6rem].font-bold “HAFS”
    10.37px  span.flex.items-center.gap-1 “مكية 7 آية”
    10.37px  span.inline-flex.items-center.text-[0.64rem] “مكية”
    10.37px  span.flex.items-center.gap-1 “مدنية 286 آية”
    10.37px  span.inline-flex.items-center.text-[0.64rem] “مدنية”
    10.37px  span.flex.items-center.gap-1 “مدنية 200 آية”

## ar-dark / about @ 1024px  [app=legal theme=dark dir=rtl root=16.1408px]
targets<44 (1) ::
    40.2x46.4  a.
tiny text (1) ::
    10.19px  span.mp-header__home-meta-clean “HAFS · 114 سورة · ٣٠ جزء”

## ar-dark / about @ 1280px  [app=legal theme=dark dir=rtl root=16.576px]
targets<44 (1) ::
    42.8x47.6  a.

## ar-dark / about @ 1440px  [app=legal theme=dark dir=rtl root=16.848px]
targets<44 (1) ::
    43.3x48.3  a.

## ar-dark / notfound @ 280px  [app=not-found theme=dark dir=rtl root=15px]
tiny text (40) ::
    10.05px  span.mp-header__title-meaning “La Vache”
    10px  span.shrink-0.text-[0.6rem].font-bold “HAFS”
    10.2px  div.flex.h-7.w-7 “1”
    10px  span.flex.items-center.gap-1 “مكية 7 آية”
    10px  span.inline-flex.items-center.text-[0.64rem] “مكية”
    10.2px  div.flex.h-7.w-7 “2”

## ar-dark / notfound @ 320px  [app=not-found theme=dark dir=rtl root=15px]
tiny text (40) ::
    10.05px  span.mp-header__title-meaning “La Vache”
    10px  span.shrink-0.text-[0.6rem].font-bold “HAFS”
    10.2px  div.flex.h-7.w-7 “1”
    10px  span.flex.items-center.gap-1 “مكية 7 آية”
    10px  span.inline-flex.items-center.text-[0.64rem] “مكية”
    10.2px  div.flex.h-7.w-7 “2”

## ar-dark / notfound @ 360px  [app=not-found theme=dark dir=rtl root=15.012px]
tiny text (40) ::
    10.08px  span.mp-header__title-meaning “La Vache”
    10px  span.shrink-0.text-[0.6rem].font-bold “HAFS”
    10.21px  div.flex.h-7.w-7 “1”
    10px  span.flex.items-center.gap-1 “مكية 7 آية”
    10px  span.inline-flex.items-center.text-[0.64rem] “مكية”
    10.21px  div.flex.h-7.w-7 “2”

## ar-dark / notfound @ 390px  [app=not-found theme=dark dir=rtl root=15.063px]
tiny text (40) ::
    10px  span.shrink-0.text-[0.6rem].font-bold “HAFS”
    10.24px  div.flex.h-7.w-7 “1”
    10px  span.flex.items-center.gap-1 “مكية 7 آية”
    10px  span.inline-flex.items-center.text-[0.64rem] “مكية”
    10.24px  div.flex.h-7.w-7 “2”
    10px  span.flex.items-center.gap-1 “مدنية 286 آية”

## ar-dark / notfound @ 414px  [app=not-found theme=dark dir=rtl root=15.1038px]
tiny text (40) ::
    10px  span.shrink-0.text-[0.6rem].font-bold “HAFS”
    10.27px  div.flex.h-7.w-7 “1”
    10px  span.flex.items-center.gap-1 “مكية 7 آية”
    10px  span.inline-flex.items-center.text-[0.64rem] “مكية”
    10.27px  div.flex.h-7.w-7 “2”
    10px  span.flex.items-center.gap-1 “مدنية 286 آية”

## ar-dark / notfound @ 768px  [app=not-found theme=dark dir=rtl root=15.7056px]
tiny text (40) ::
    10.37px  span.shrink-0.text-[0.6rem].font-bold “HAFS”
    10.37px  span.flex.items-center.gap-1 “مكية 7 آية”
    10.37px  span.inline-flex.items-center.text-[0.64rem] “مكية”
    10.37px  span.flex.items-center.gap-1 “مدنية 286 آية”
    10.37px  span.inline-flex.items-center.text-[0.64rem] “مدنية”
    10.37px  span.flex.items-center.gap-1 “مدنية 200 آية”

=== 310 mesures, 285 configurations avec constats, 1 erreurs de navigation ===
ERREURS: [
 {
  "v": "search",
  "p": "fr-light",
  "w": 0,
  "error": "page.goto: Timeout 30000ms exceeded.\nCall log:\n\u001b[2m  - navigating to \"http://127.0.0.1:4194/surah/2\", waiting until \"domcontentloaded\"\u001b[22m\n"
 }
]
